id,degree_id,subject_id
252e43e4-2909-4af2-82f8-244970376c09,8600e263-dffc-4e91-9113-50403f52f207,dc92eb00-b5e5-42f4-b794-fa3fcdc055a9
306175d0-a1b8-4618-8deb-a7754a27f6a4,8600e263-dffc-4e91-9113-50403f52f207,945e0d27-9df2-4c10-a6ca-e5c97de4a32b
7079a03f-9b19-4fd9-b585-d26102924d99,8600e263-dffc-4e91-9113-50403f52f207,a2297bbd-1681-4fa0-8052-00d906b0fd77
68d9a9ff-0466-4661-a5f5-1cc2ae8d647e,8600e263-dffc-4e91-9113-50403f52f207,e43c86a3-b79e-4a54-bdd7-3fb56cdb0038
4ebc614f-af2d-433c-b763-a842de0905c9,8600e263-dffc-4e91-9113-50403f52f207,16601529-5a27-4099-91c3-5485743ff21d
e8a6ce48-cafe-4710-ac82-324c2b8dde3b,8600e263-dffc-4e91-9113-50403f52f207,a14717e4-3497-4246-a0cf-fb749111a028
6e7d89f0-1cb3-4044-b9ba-ec4d5679eaa5,8600e263-dffc-4e91-9113-50403f52f207,3c0b8ec7-a9dc-4180-af5f-9d71058db0a7
0c526d82-909f-4365-9162-de8d355fe1a7,8600e263-dffc-4e91-9113-50403f52f207,3b7b1deb-dbe3-418d-9590-85c099f88ed3
75d6aaf5-6033-4945-8aa4-eace1cd27caa,8600e263-dffc-4e91-9113-50403f52f207,5b4ce8cf-c4cc-4b8f-b5df-e0f9c33489a3
bf4c25dc-91a8-4706-8e39-948b37c88c2e,8600e263-dffc-4e91-9113-50403f52f207,7cf86c1a-6efc-4f32-b0e7-8ea09fa68168
8f41be53-a04e-4ba2-ab22-58e37480a9eb,8600e263-dffc-4e91-9113-50403f52f207,de04e5f7-2165-4329-a5ac-6b6c2625b59e
d4b23ead-1d03-4ac9-8c38-6e33675c5bc8,8600e263-dffc-4e91-9113-50403f52f207,71aa204e-f6a9-4103-a627-f9a54a57bf60
064d5e56-8b5c-4c42-87b1-6886c7bea903,8600e263-dffc-4e91-9113-50403f52f207,027e7a0d-b3a0-472d-b90e-8402e86e8461
9793d118-a16a-41bf-b77e-c4e505516c9b,8600e263-dffc-4e91-9113-50403f52f207,75601d82-60fa-4f39-8cbd-61b4424e96d5
bb70e780-74a7-4e84-befc-39655e453480,8600e263-dffc-4e91-9113-50403f52f207,133b6151-1ee0-48a7-bc66-187dad263226
b35a8f50-ceb8-4b7c-abff-3d7042591916,8600e263-dffc-4e91-9113-50403f52f207,b168ea19-9219-438b-9e52-64f2ea0fef27
dcb3362e-eb53-44a7-a7af-31d0d7864e8a,8600e263-dffc-4e91-9113-50403f52f207,28d15fe6-e356-4ddb-a6b4-e776c4c916c3
e6a12bc6-6255-4741-b374-ddd10d1ce7b9,8600e263-dffc-4e91-9113-50403f52f207,1953a848-ca64-42e8-b62a-dbe34cea4491
af3fb7ad-7fb6-4345-b57c-e3c818c3ae7e,8600e263-dffc-4e91-9113-50403f52f207,7479bdc8-5132-490c-9b60-643bab9bc36f
24ce5a2f-8c5d-4a8c-a8a7-9283e45187f2,8600e263-dffc-4e91-9113-50403f52f207,5b7264e4-b607-479f-8e5f-3d947c982f2e
77eae023-44a4-4ecb-bb59-ef896e9318ed,8600e263-dffc-4e91-9113-50403f52f207,70d20e73-bbd4-4170-a454-a204277fb940
08118c66-0dfb-4100-aa72-6e670a5bc1e7,8600e263-dffc-4e91-9113-50403f52f207,7178d4dd-f39e-44ec-acaa-a1ce983dc38f
e75b12ff-d443-4b2e-98b1-6676116c39f4,8600e263-dffc-4e91-9113-50403f52f207,c16e605b-7797-434c-bac9-661d01e1593e
b53842c3-dfa0-4c31-bc50-5c4a46365d23,80370f8b-08bd-4397-af05-a0077567dd1e,dc92eb00-b5e5-42f4-b794-fa3fcdc055a9
4a867e2a-0ce2-499b-b752-a3e4c6115a85,80370f8b-08bd-4397-af05-a0077567dd1e,3b7b1deb-dbe3-418d-9590-85c099f88ed3
147faa6a-7ebf-4048-89ed-2a9f7b73d298,80370f8b-08bd-4397-af05-a0077567dd1e,16601529-5a27-4099-91c3-5485743ff21d
284eadfc-9443-464c-937a-439e1f9eb656,80370f8b-08bd-4397-af05-a0077567dd1e,6b822c95-3ae8-4f94-b144-de0bf4c52f7b
6e594a61-a2e1-4462-8c74-6d42702949c6,80370f8b-08bd-4397-af05-a0077567dd1e,97241afc-e0c7-4028-b753-5fdde06a107f
1b7c982e-d8c3-4cbd-84f0-2c6112d3bb25,80370f8b-08bd-4397-af05-a0077567dd1e,9e80c792-878b-4aa3-8881-d14c47efc700
0fa0149b-0d4f-46a1-a91d-94d6473e8b3c,80370f8b-08bd-4397-af05-a0077567dd1e,58195a3f-dd2e-4dd3-b507-f1f2d5a86ea1
807b7fea-38b2-4332-84f7-a285b270161f,80370f8b-08bd-4397-af05-a0077567dd1e,407925d4-d7a6-467b-9db2-99886b577cfe
003c3c69-760a-4910-b734-a01e5c9befc2,80370f8b-08bd-4397-af05-a0077567dd1e,6c106309-e948-41a4-958c-afc521ad50f0
fd6a4dae-0c92-46bf-bc62-d33620c532c7,80370f8b-08bd-4397-af05-a0077567dd1e,f254a036-479b-4cf4-ba30-4586fbfb0e91
2e86532e-68f9-4797-8a46-fb133ab492c7,80370f8b-08bd-4397-af05-a0077567dd1e,329f379b-766f-410c-84e1-1d3f38448f5b
15111b61-9502-4d49-bd91-309d60c0a928,80370f8b-08bd-4397-af05-a0077567dd1e,133b6151-1ee0-48a7-bc66-187dad263226
12d786c3-b26f-4024-9226-b40de66a736d,80370f8b-08bd-4397-af05-a0077567dd1e,3c0b8ec7-a9dc-4180-af5f-9d71058db0a7
f1fca025-a59d-4bd4-b090-256e6b369ab6,80370f8b-08bd-4397-af05-a0077567dd1e,0e4b63c1-93f5-498b-8ebe-96afc4764adb
0f52a378-8a01-4b9e-810b-71789a92ffa8,80370f8b-08bd-4397-af05-a0077567dd1e,7178d4dd-f39e-44ec-acaa-a1ce983dc38f
74ea82b7-bbc6-4666-a2e7-bba33d0c51bb,80370f8b-08bd-4397-af05-a0077567dd1e,6cdb591f-1dac-4bb5-859f-670bc99d4000
f2528d1b-6cb4-4dfa-9445-1537012298b7,80370f8b-08bd-4397-af05-a0077567dd1e,d1549a61-cc88-435e-8a9f-be9ca5504d0f
834c6734-c54c-4d40-abdb-9b8803bdcba4,80370f8b-08bd-4397-af05-a0077567dd1e,1ac70d94-0e1b-4564-9736-3f2c7bbe0b72
ae382e4a-de9d-45e8-a60e-7187fec66a9a,80370f8b-08bd-4397-af05-a0077567dd1e,758985be-ec2a-48c6-835b-3ed9296da09b
0eb6c3f1-ea32-462c-816f-feaba2599932,80370f8b-08bd-4397-af05-a0077567dd1e,89659760-a206-4cb7-acd2-0ddead5e175c
2f1ba469-e3a2-4f66-9c88-9c524038c6a2,80370f8b-08bd-4397-af05-a0077567dd1e,965da298-7ae4-4c03-a633-1795bdb00674
7a11de98-dc10-4610-b59f-55f17f03bb51,80370f8b-08bd-4397-af05-a0077567dd1e,2992d77f-172c-408a-b6f2-302ccf7da642
d0d57f70-6711-4469-9fa3-0ce116cee3c3,80370f8b-08bd-4397-af05-a0077567dd1e,384354d6-6291-48d9-82d0-0601f792428e
db0a1294-f51c-4b1c-9ef6-2035f00772e7,80370f8b-08bd-4397-af05-a0077567dd1e,7b11d49e-4771-4cd2-a163-3def98acdb2f
9cc70c56-7831-42fc-86b4-0a96a2e1d558,80370f8b-08bd-4397-af05-a0077567dd1e,c16e605b-7797-434c-bac9-661d01e1593e
dd5df933-9ec4-41cd-9f5a-bc4c28ad5725,80370f8b-08bd-4397-af05-a0077567dd1e,a2075506-d824-4074-a90d-d099da6271ca
44372f17-0883-4415-836d-76bfc513ecc3,80370f8b-08bd-4397-af05-a0077567dd1e,1072799a-d1cb-436e-93c7-30d2152728a1
faf90ff3-064c-4cc2-883d-e58339aa5db2,c4311891-2b3a-4e9c-a8f4-2c5c7ae0c0fa,dc92eb00-b5e5-42f4-b794-fa3fcdc055a9
e28aa5dd-2211-499d-86dd-4bc52d9e9956,c4311891-2b3a-4e9c-a8f4-2c5c7ae0c0fa,945e0d27-9df2-4c10-a6ca-e5c97de4a32b
d2592bbc-717f-4165-b25e-9421997bbd79,c4311891-2b3a-4e9c-a8f4-2c5c7ae0c0fa,a2297bbd-1681-4fa0-8052-00d906b0fd77
37809004-00fa-412b-b5bb-323527c701fe,c4311891-2b3a-4e9c-a8f4-2c5c7ae0c0fa,e43c86a3-b79e-4a54-bdd7-3fb56cdb0038
2b653eca-d7fc-4796-a93c-0c97304b6286,c4311891-2b3a-4e9c-a8f4-2c5c7ae0c0fa,16601529-5a27-4099-91c3-5485743ff21d
76b37d55-9ca5-4b5d-9d8b-6a8e035458b3,c4311891-2b3a-4e9c-a8f4-2c5c7ae0c0fa,a14717e4-3497-4246-a0cf-fb749111a028
d318bbd4-b58b-4dcd-95b6-53594414f6bd,c4311891-2b3a-4e9c-a8f4-2c5c7ae0c0fa,3c0b8ec7-a9dc-4180-af5f-9d71058db0a7
c6f24694-24b8-495b-9197-2289b6f199c2,c4311891-2b3a-4e9c-a8f4-2c5c7ae0c0fa,3b7b1deb-dbe3-418d-9590-85c099f88ed3
b16e8aca-31f3-490d-9d15-ad3c8867a793,c4311891-2b3a-4e9c-a8f4-2c5c7ae0c0fa,5b4ce8cf-c4cc-4b8f-b5df-e0f9c33489a3
59c07b4f-e9b0-47ad-9787-3419f68a7ba0,c4311891-2b3a-4e9c-a8f4-2c5c7ae0c0fa,7cf86c1a-6efc-4f32-b0e7-8ea09fa68168
f6b52f67-31c8-493d-bfc8-3b9a4f3b4dac,c4311891-2b3a-4e9c-a8f4-2c5c7ae0c0fa,de04e5f7-2165-4329-a5ac-6b6c2625b59e
8ec5ae53-1525-4d25-9bdd-484a45d31a5a,c4311891-2b3a-4e9c-a8f4-2c5c7ae0c0fa,71aa204e-f6a9-4103-a627-f9a54a57bf60
c5e76acc-0619-4eb4-989c-9a733a0e057b,c4311891-2b3a-4e9c-a8f4-2c5c7ae0c0fa,027e7a0d-b3a0-472d-b90e-8402e86e8461
b051886a-8afa-4753-bee5-7f7d4eaeec0e,c4311891-2b3a-4e9c-a8f4-2c5c7ae0c0fa,75601d82-60fa-4f39-8cbd-61b4424e96d5
75d41e97-bad2-4880-9f5a-1b82a02b2fdf,c4311891-2b3a-4e9c-a8f4-2c5c7ae0c0fa,133b6151-1ee0-48a7-bc66-187dad263226
1a9938e6-9bab-45bc-ad1a-0a2d39b82e7a,c4311891-2b3a-4e9c-a8f4-2c5c7ae0c0fa,b168ea19-9219-438b-9e52-64f2ea0fef27
af7b5ec9-798b-42c0-b898-20d11a30fc6d,c4311891-2b3a-4e9c-a8f4-2c5c7ae0c0fa,28d15fe6-e356-4ddb-a6b4-e776c4c916c3
14feb56b-97c4-4989-afb8-d97b3de97070,c4311891-2b3a-4e9c-a8f4-2c5c7ae0c0fa,1953a848-ca64-42e8-b62a-dbe34cea4491
4eac3cf3-278f-470d-aa42-1e3cd678cee8,c4311891-2b3a-4e9c-a8f4-2c5c7ae0c0fa,7479bdc8-5132-490c-9b60-643bab9bc36f
042effe1-5df2-41aa-a0d0-f05b5953b32a,c4311891-2b3a-4e9c-a8f4-2c5c7ae0c0fa,5b7264e4-b607-479f-8e5f-3d947c982f2e
9a174d36-b71c-4151-893b-49c89133df47,c4311891-2b3a-4e9c-a8f4-2c5c7ae0c0fa,70d20e73-bbd4-4170-a454-a204277fb940
549cb3e7-cc82-4ce8-9206-8ca9002f48ef,c4311891-2b3a-4e9c-a8f4-2c5c7ae0c0fa,7178d4dd-f39e-44ec-acaa-a1ce983dc38f
4227f275-5369-4c77-8196-355e820f3530,c4311891-2b3a-4e9c-a8f4-2c5c7ae0c0fa,c16e605b-7797-434c-bac9-661d01e1593e
f2f9ac4f-f544-4044-8bae-68e5404c28e3,c4311891-2b3a-4e9c-a8f4-2c5c7ae0c0fa,6b822c95-3ae8-4f94-b144-de0bf4c52f7b
7bd91d16-c194-4972-8e71-4734669ea613,c4311891-2b3a-4e9c-a8f4-2c5c7ae0c0fa,97241afc-e0c7-4028-b753-5fdde06a107f
66a72466-2094-4379-8db7-a26e1b175449,c4311891-2b3a-4e9c-a8f4-2c5c7ae0c0fa,9e80c792-878b-4aa3-8881-d14c47efc700
70741e10-e8a6-4f38-bc51-b5c0d4ac6211,c4311891-2b3a-4e9c-a8f4-2c5c7ae0c0fa,58195a3f-dd2e-4dd3-b507-f1f2d5a86ea1
e253b25f-a88d-41a0-b38f-ee8df83d0905,c4311891-2b3a-4e9c-a8f4-2c5c7ae0c0fa,407925d4-d7a6-467b-9db2-99886b577cfe
632cb8c2-5c13-436f-ad14-8e4f809800e0,c4311891-2b3a-4e9c-a8f4-2c5c7ae0c0fa,6c106309-e948-41a4-958c-afc521ad50f0
e62e9df4-ad03-4420-8b98-bcbc8ce96136,c4311891-2b3a-4e9c-a8f4-2c5c7ae0c0fa,f254a036-479b-4cf4-ba30-4586fbfb0e91
c15fef16-ef9a-4591-8ada-394f7c441375,c4311891-2b3a-4e9c-a8f4-2c5c7ae0c0fa,329f379b-766f-410c-84e1-1d3f38448f5b
7616108d-fd17-4e28-8ef0-668d4373f4b7,c4311891-2b3a-4e9c-a8f4-2c5c7ae0c0fa,0e4b63c1-93f5-498b-8ebe-96afc4764adb
41e0cc3a-58a8-41d1-8c35-a2ac873a5611,c4311891-2b3a-4e9c-a8f4-2c5c7ae0c0fa,6cdb591f-1dac-4bb5-859f-670bc99d4000
af995f0f-ad57-4f6a-bdaf-f84136503da6,c4311891-2b3a-4e9c-a8f4-2c5c7ae0c0fa,d1549a61-cc88-435e-8a9f-be9ca5504d0f
78b911dc-8bc0-41ef-8261-0ae04fee2377,c4311891-2b3a-4e9c-a8f4-2c5c7ae0c0fa,1ac70d94-0e1b-4564-9736-3f2c7bbe0b72
6a39b45d-ce2e-41f8-9747-07924fda2344,c4311891-2b3a-4e9c-a8f4-2c5c7ae0c0fa,758985be-ec2a-48c6-835b-3ed9296da09b
e0c1cb62-2859-47b3-9e41-1f8ef8c71b72,c4311891-2b3a-4e9c-a8f4-2c5c7ae0c0fa,89659760-a206-4cb7-acd2-0ddead5e175c
709fb8e4-781b-458f-ba3d-69478dc7e36e,c4311891-2b3a-4e9c-a8f4-2c5c7ae0c0fa,965da298-7ae4-4c03-a633-1795bdb00674
d2775bf8-008b-423b-a86c-633e4dcf0245,c4311891-2b3a-4e9c-a8f4-2c5c7ae0c0fa,2992d77f-172c-408a-b6f2-302ccf7da642
3498db06-70e2-4bd6-abbe-99a8734f6311,c4311891-2b3a-4e9c-a8f4-2c5c7ae0c0fa,384354d6-6291-48d9-82d0-0601f792428e
392cacd6-cfca-4741-b2ae-446fe1eb3c29,c4311891-2b3a-4e9c-a8f4-2c5c7ae0c0fa,7b11d49e-4771-4cd2-a163-3def98acdb2f
697da2a5-1cd6-47bd-9098-cbca3199a128,c4311891-2b3a-4e9c-a8f4-2c5c7ae0c0fa,a2075506-d824-4074-a90d-d099da6271ca
8d6041a7-03c7-41dc-9a13-6d64cf7c146c,c4311891-2b3a-4e9c-a8f4-2c5c7ae0c0fa,1072799a-d1cb-436e-93c7-30d2152728a1
ed44eea2-d2a4-4d06-9ca1-c598e2ef15b8,923b11bf-0b33-42c2-86dc-de26091be971,dc92eb00-b5e5-42f4-b794-fa3fcdc055a9
c07444d1-79a3-470d-bd6a-62d004f2616b,923b11bf-0b33-42c2-86dc-de26091be971,945e0d27-9df2-4c10-a6ca-e5c97de4a32b
70a49565-5122-43fc-8fd8-f880724ef598,923b11bf-0b33-42c2-86dc-de26091be971,a2297bbd-1681-4fa0-8052-00d906b0fd77
28345ba8-a25d-4fd5-9c96-d62f6ac07955,923b11bf-0b33-42c2-86dc-de26091be971,e43c86a3-b79e-4a54-bdd7-3fb56cdb0038
5e591131-9bc3-445f-a1a7-28253c64fcc9,923b11bf-0b33-42c2-86dc-de26091be971,16601529-5a27-4099-91c3-5485743ff21d
af29e2dd-c85f-4b1c-a235-3894041e1274,923b11bf-0b33-42c2-86dc-de26091be971,a14717e4-3497-4246-a0cf-fb749111a028
657708ba-abce-4cd3-b17b-cc77c39a52a7,923b11bf-0b33-42c2-86dc-de26091be971,3c0b8ec7-a9dc-4180-af5f-9d71058db0a7
d2d48ee1-6cc1-483c-be29-0ef0fa4f0b6b,923b11bf-0b33-42c2-86dc-de26091be971,3b7b1deb-dbe3-418d-9590-85c099f88ed3
8c8e3fa8-8f4f-4116-89ea-b1b72b1d70b0,923b11bf-0b33-42c2-86dc-de26091be971,5b4ce8cf-c4cc-4b8f-b5df-e0f9c33489a3
f6e16384-f9c0-41fb-8c94-49a24b6f716a,923b11bf-0b33-42c2-86dc-de26091be971,7cf86c1a-6efc-4f32-b0e7-8ea09fa68168
06b70fa0-6de4-4a97-8fc5-a64a7669c379,923b11bf-0b33-42c2-86dc-de26091be971,de04e5f7-2165-4329-a5ac-6b6c2625b59e
43806934-f785-44fe-ac37-f1147d018f63,923b11bf-0b33-42c2-86dc-de26091be971,71aa204e-f6a9-4103-a627-f9a54a57bf60
d90582c6-6873-4f73-972e-534103d3a8e5,923b11bf-0b33-42c2-86dc-de26091be971,027e7a0d-b3a0-472d-b90e-8402e86e8461
a6d22ad1-7508-429e-bc37-e97f46ce313a,923b11bf-0b33-42c2-86dc-de26091be971,75601d82-60fa-4f39-8cbd-61b4424e96d5
d36fde4f-c757-4ea0-83b7-625885df5956,923b11bf-0b33-42c2-86dc-de26091be971,133b6151-1ee0-48a7-bc66-187dad263226
3a71c68f-1572-4a09-beaa-4504f13d36dd,923b11bf-0b33-42c2-86dc-de26091be971,b168ea19-9219-438b-9e52-64f2ea0fef27
01334e15-1898-4e6f-8c40-d48727c6e7bc,923b11bf-0b33-42c2-86dc-de26091be971,28d15fe6-e356-4ddb-a6b4-e776c4c916c3
c3636f87-b883-4fe8-8447-87f5823aba0f,923b11bf-0b33-42c2-86dc-de26091be971,1953a848-ca64-42e8-b62a-dbe34cea4491
7c8f1e09-9228-425e-9fec-ad268063563f,923b11bf-0b33-42c2-86dc-de26091be971,7479bdc8-5132-490c-9b60-643bab9bc36f
dc14b03b-569b-4617-a46f-630367e2de65,923b11bf-0b33-42c2-86dc-de26091be971,5b7264e4-b607-479f-8e5f-3d947c982f2e
daeb47fe-223b-4f00-ad37-c80d47aaa9c4,923b11bf-0b33-42c2-86dc-de26091be971,70d20e73-bbd4-4170-a454-a204277fb940
34ccd1d3-7bbd-478a-b364-3d14b57daaad,923b11bf-0b33-42c2-86dc-de26091be971,7178d4dd-f39e-44ec-acaa-a1ce983dc38f
536f6cf3-8e34-4ba0-b0e2-ca079765c6e5,923b11bf-0b33-42c2-86dc-de26091be971,c16e605b-7797-434c-bac9-661d01e1593e
bcf883d4-d493-485f-b26a-460bb51e7c57,923b11bf-0b33-42c2-86dc-de26091be971,6b822c95-3ae8-4f94-b144-de0bf4c52f7b
3281fb20-45da-41ca-ad72-2b2f61484996,923b11bf-0b33-42c2-86dc-de26091be971,97241afc-e0c7-4028-b753-5fdde06a107f
4d63ded6-ef60-4536-99f6-538fb9253804,923b11bf-0b33-42c2-86dc-de26091be971,9e80c792-878b-4aa3-8881-d14c47efc700
0026b618-c68f-4308-ac4b-069bddc70ab6,923b11bf-0b33-42c2-86dc-de26091be971,58195a3f-dd2e-4dd3-b507-f1f2d5a86ea1
fb53fdf4-396a-489f-9d03-58e18ec939e4,923b11bf-0b33-42c2-86dc-de26091be971,407925d4-d7a6-467b-9db2-99886b577cfe
47b4cde8-a1c6-42f1-b09f-085e6dd19746,923b11bf-0b33-42c2-86dc-de26091be971,6c106309-e948-41a4-958c-afc521ad50f0
1ef934f9-223b-46fb-8cab-5ed80a741776,923b11bf-0b33-42c2-86dc-de26091be971,f254a036-479b-4cf4-ba30-4586fbfb0e91
3356c7d7-6fa1-458b-bcac-583b3ab0e150,923b11bf-0b33-42c2-86dc-de26091be971,329f379b-766f-410c-84e1-1d3f38448f5b
7bb92234-50ee-4443-9b10-d3756f199a65,923b11bf-0b33-42c2-86dc-de26091be971,0e4b63c1-93f5-498b-8ebe-96afc4764adb
46b91d1c-826d-4e76-870f-4390d5a31a8a,923b11bf-0b33-42c2-86dc-de26091be971,6cdb591f-1dac-4bb5-859f-670bc99d4000
3974cbef-adc8-4a4e-8455-844ffcc6c362,923b11bf-0b33-42c2-86dc-de26091be971,d1549a61-cc88-435e-8a9f-be9ca5504d0f
e8baae9d-8d92-460e-ba14-3448e283452a,923b11bf-0b33-42c2-86dc-de26091be971,1ac70d94-0e1b-4564-9736-3f2c7bbe0b72
f1fb86f5-c862-4e18-82bb-230fc34b970f,923b11bf-0b33-42c2-86dc-de26091be971,758985be-ec2a-48c6-835b-3ed9296da09b
57c7b932-695f-48cd-b70b-6c8d7f03f04a,923b11bf-0b33-42c2-86dc-de26091be971,89659760-a206-4cb7-acd2-0ddead5e175c
3597d3f4-95dc-4336-9a34-76b5cb5a47c7,923b11bf-0b33-42c2-86dc-de26091be971,965da298-7ae4-4c03-a633-1795bdb00674
7913b424-a77b-47cd-903f-741915c360ce,923b11bf-0b33-42c2-86dc-de26091be971,2992d77f-172c-408a-b6f2-302ccf7da642
389a3ea6-06a7-400f-99d2-aa2912b0fd3e,923b11bf-0b33-42c2-86dc-de26091be971,384354d6-6291-48d9-82d0-0601f792428e
85c53087-f137-4ef9-88f2-3e36ba0a129c,923b11bf-0b33-42c2-86dc-de26091be971,7b11d49e-4771-4cd2-a163-3def98acdb2f
4bd726e9-5097-40ea-b850-3a0e4bd6e2b8,923b11bf-0b33-42c2-86dc-de26091be971,a2075506-d824-4074-a90d-d099da6271ca
3000b172-8c3d-4caf-9c09-a11a018686ee,923b11bf-0b33-42c2-86dc-de26091be971,1072799a-d1cb-436e-93c7-30d2152728a1
588f739b-f44d-4c1a-aadb-78c9599f917a,649ca6da-e98d-4d6e-a452-afd59b289cdf,dc92eb00-b5e5-42f4-b794-fa3fcdc055a9
23e17cb0-d6ce-456c-bd9e-a814c5ecd502,649ca6da-e98d-4d6e-a452-afd59b289cdf,945e0d27-9df2-4c10-a6ca-e5c97de4a32b
aa4c6413-88f5-42d9-8add-9e6e068c89c0,649ca6da-e98d-4d6e-a452-afd59b289cdf,a2297bbd-1681-4fa0-8052-00d906b0fd77
144cbb64-1235-4e4a-95f5-b26cd12a3f3a,649ca6da-e98d-4d6e-a452-afd59b289cdf,e43c86a3-b79e-4a54-bdd7-3fb56cdb0038
aa445ec6-263a-4450-9d6f-e43e34871366,649ca6da-e98d-4d6e-a452-afd59b289cdf,16601529-5a27-4099-91c3-5485743ff21d
e57c2e92-5a5f-4adf-9b3f-84446e93eb11,649ca6da-e98d-4d6e-a452-afd59b289cdf,a14717e4-3497-4246-a0cf-fb749111a028
d1b150d9-c7d5-40c0-a9d0-6717d6d2812a,649ca6da-e98d-4d6e-a452-afd59b289cdf,3c0b8ec7-a9dc-4180-af5f-9d71058db0a7
b2fbe39e-2a94-48cd-8430-127fac56d87b,649ca6da-e98d-4d6e-a452-afd59b289cdf,3b7b1deb-dbe3-418d-9590-85c099f88ed3
ee98a301-68ac-494c-9be4-a7989e86a7b0,649ca6da-e98d-4d6e-a452-afd59b289cdf,5b4ce8cf-c4cc-4b8f-b5df-e0f9c33489a3
b23ad5b4-f197-4aa4-afb4-1b1c8d668f41,649ca6da-e98d-4d6e-a452-afd59b289cdf,7cf86c1a-6efc-4f32-b0e7-8ea09fa68168
314cff05-ef6c-4d12-b2f0-67432206b75e,649ca6da-e98d-4d6e-a452-afd59b289cdf,de04e5f7-2165-4329-a5ac-6b6c2625b59e
d7d0f34f-6e1a-4e7b-a2ce-2ae422ee2e66,649ca6da-e98d-4d6e-a452-afd59b289cdf,71aa204e-f6a9-4103-a627-f9a54a57bf60
07777c43-7125-453a-8901-cc0afbbd9971,649ca6da-e98d-4d6e-a452-afd59b289cdf,027e7a0d-b3a0-472d-b90e-8402e86e8461
be4c713c-e4b0-4a71-bce1-61a0db883626,649ca6da-e98d-4d6e-a452-afd59b289cdf,75601d82-60fa-4f39-8cbd-61b4424e96d5
7c49022c-7b26-433d-9732-502f4e9775fa,649ca6da-e98d-4d6e-a452-afd59b289cdf,133b6151-1ee0-48a7-bc66-187dad263226
cd2305e9-7c1e-40a4-a50b-5eb22e9aac4c,649ca6da-e98d-4d6e-a452-afd59b289cdf,b168ea19-9219-438b-9e52-64f2ea0fef27
524ee311-4d33-4e82-ae2b-c1863e9b95f1,649ca6da-e98d-4d6e-a452-afd59b289cdf,28d15fe6-e356-4ddb-a6b4-e776c4c916c3
4f3bbf68-cca1-4be5-809a-d92fd8a0748f,649ca6da-e98d-4d6e-a452-afd59b289cdf,1953a848-ca64-42e8-b62a-dbe34cea4491
5cd929d8-90be-4d20-9de1-05f3c70e7241,649ca6da-e98d-4d6e-a452-afd59b289cdf,7479bdc8-5132-490c-9b60-643bab9bc36f
925993fe-06f6-4fd7-9d55-026ca64f2d62,649ca6da-e98d-4d6e-a452-afd59b289cdf,5b7264e4-b607-479f-8e5f-3d947c982f2e
02584ec8-c227-4dc9-98fd-f153cee0d929,649ca6da-e98d-4d6e-a452-afd59b289cdf,70d20e73-bbd4-4170-a454-a204277fb940
d9fd2e9f-102c-442b-82aa-b23a435b84d3,649ca6da-e98d-4d6e-a452-afd59b289cdf,7178d4dd-f39e-44ec-acaa-a1ce983dc38f
592880ed-390c-4617-acc2-e5e7663fa0fd,649ca6da-e98d-4d6e-a452-afd59b289cdf,c16e605b-7797-434c-bac9-661d01e1593e
4097e5b5-079a-49c9-8b84-1e11aa465c6d,649ca6da-e98d-4d6e-a452-afd59b289cdf,6b822c95-3ae8-4f94-b144-de0bf4c52f7b
c6c7d14a-ad83-4329-8700-b1fbaa9aa629,649ca6da-e98d-4d6e-a452-afd59b289cdf,97241afc-e0c7-4028-b753-5fdde06a107f
b750e086-25ee-4a39-a8a3-3aac4c0f8a38,649ca6da-e98d-4d6e-a452-afd59b289cdf,9e80c792-878b-4aa3-8881-d14c47efc700
da7ffbb5-c5d3-46b2-9333-6ac6e524cde9,649ca6da-e98d-4d6e-a452-afd59b289cdf,58195a3f-dd2e-4dd3-b507-f1f2d5a86ea1
411d2ac5-8055-42db-a6d1-43d47fa276a4,649ca6da-e98d-4d6e-a452-afd59b289cdf,407925d4-d7a6-467b-9db2-99886b577cfe
bffdb0e7-eb44-4124-856b-3614b7a21996,649ca6da-e98d-4d6e-a452-afd59b289cdf,6c106309-e948-41a4-958c-afc521ad50f0
2df48f4d-9a11-468b-9dad-1b3009c03ecd,649ca6da-e98d-4d6e-a452-afd59b289cdf,f254a036-479b-4cf4-ba30-4586fbfb0e91
f6197496-1f1f-47fe-bc1b-852e0ba3b0b9,649ca6da-e98d-4d6e-a452-afd59b289cdf,329f379b-766f-410c-84e1-1d3f38448f5b
a65f3ab4-24b3-4777-b659-4729f9b1361e,649ca6da-e98d-4d6e-a452-afd59b289cdf,0e4b63c1-93f5-498b-8ebe-96afc4764adb
dfb8bc7a-9bc9-4af1-b2aa-9af5386fb7d7,649ca6da-e98d-4d6e-a452-afd59b289cdf,6cdb591f-1dac-4bb5-859f-670bc99d4000
65c50fd5-b01e-4f27-8f87-d541ef36b0c9,649ca6da-e98d-4d6e-a452-afd59b289cdf,d1549a61-cc88-435e-8a9f-be9ca5504d0f
4c78b256-b254-4405-a73d-6056b23d6b90,649ca6da-e98d-4d6e-a452-afd59b289cdf,1ac70d94-0e1b-4564-9736-3f2c7bbe0b72
9b6fa1b2-47aa-4ee2-9704-8d4ccea546b2,649ca6da-e98d-4d6e-a452-afd59b289cdf,758985be-ec2a-48c6-835b-3ed9296da09b
a479c4dc-4bc3-4d65-a77d-68e288810c7f,649ca6da-e98d-4d6e-a452-afd59b289cdf,89659760-a206-4cb7-acd2-0ddead5e175c
d659aeb7-bdcd-48b5-98a9-d583c0fed24b,649ca6da-e98d-4d6e-a452-afd59b289cdf,965da298-7ae4-4c03-a633-1795bdb00674
4e47227c-8d54-4bc9-9a3c-180f2cafc828,649ca6da-e98d-4d6e-a452-afd59b289cdf,2992d77f-172c-408a-b6f2-302ccf7da642
efb8b043-31d7-4c87-8dc0-2817baa1f213,649ca6da-e98d-4d6e-a452-afd59b289cdf,384354d6-6291-48d9-82d0-0601f792428e
04930f22-7527-41a0-b72b-65349fb0fe4e,649ca6da-e98d-4d6e-a452-afd59b289cdf,7b11d49e-4771-4cd2-a163-3def98acdb2f
43ec5221-4922-4ecb-810f-57cfea1e56ca,649ca6da-e98d-4d6e-a452-afd59b289cdf,a2075506-d824-4074-a90d-d099da6271ca
d9a50895-e47f-4fa7-b1f7-cb70895cc00b,649ca6da-e98d-4d6e-a452-afd59b289cdf,1072799a-d1cb-436e-93c7-30d2152728a1
bd746290-3b29-449d-8d96-f6a567ce35de,1bc5f154-cced-4d64-a6be-9971256eb4f7,dc92eb00-b5e5-42f4-b794-fa3fcdc055a9
c29fd729-ef80-4061-8daf-5169d981bf09,1bc5f154-cced-4d64-a6be-9971256eb4f7,945e0d27-9df2-4c10-a6ca-e5c97de4a32b
4b823940-8464-45b2-a8e5-5947d7a8ec7f,1bc5f154-cced-4d64-a6be-9971256eb4f7,a2297bbd-1681-4fa0-8052-00d906b0fd77
c2bb18f7-6740-4c4f-a02c-61ba0ea826c4,1bc5f154-cced-4d64-a6be-9971256eb4f7,e43c86a3-b79e-4a54-bdd7-3fb56cdb0038
54bc7414-a6ac-4cd2-a1ca-332f0e2620b7,1bc5f154-cced-4d64-a6be-9971256eb4f7,16601529-5a27-4099-91c3-5485743ff21d
dc6eb9a3-abcb-4861-84ce-3599a990fdf6,1bc5f154-cced-4d64-a6be-9971256eb4f7,a14717e4-3497-4246-a0cf-fb749111a028
20fe5c96-a497-44c2-a4b6-cc9ffaa8e68d,1bc5f154-cced-4d64-a6be-9971256eb4f7,3c0b8ec7-a9dc-4180-af5f-9d71058db0a7
75a49b2f-d718-4412-bc4a-9769260dbca0,1bc5f154-cced-4d64-a6be-9971256eb4f7,3b7b1deb-dbe3-418d-9590-85c099f88ed3
038f9d5a-4038-442c-8922-b35cf2f0367a,1bc5f154-cced-4d64-a6be-9971256eb4f7,5b4ce8cf-c4cc-4b8f-b5df-e0f9c33489a3
80d120c0-7ce3-4119-960f-29e50f042540,1bc5f154-cced-4d64-a6be-9971256eb4f7,7cf86c1a-6efc-4f32-b0e7-8ea09fa68168
ef3e652a-5f0f-4abb-91a2-7568fda7a838,1bc5f154-cced-4d64-a6be-9971256eb4f7,de04e5f7-2165-4329-a5ac-6b6c2625b59e
7ce103ed-f0ba-44ae-af67-06546a0c71ef,1bc5f154-cced-4d64-a6be-9971256eb4f7,71aa204e-f6a9-4103-a627-f9a54a57bf60
a74f871d-3ef3-4196-95f1-fcf582083750,1bc5f154-cced-4d64-a6be-9971256eb4f7,027e7a0d-b3a0-472d-b90e-8402e86e8461
5d04c6db-a05d-4029-8f1b-a88df1b2c9d8,1bc5f154-cced-4d64-a6be-9971256eb4f7,75601d82-60fa-4f39-8cbd-61b4424e96d5
92d00a95-18e3-40d6-9594-f21f6a1a2269,1bc5f154-cced-4d64-a6be-9971256eb4f7,133b6151-1ee0-48a7-bc66-187dad263226
554062a6-c91f-4eee-9ae5-da4bc105eddb,1bc5f154-cced-4d64-a6be-9971256eb4f7,b168ea19-9219-438b-9e52-64f2ea0fef27
79bfbfd8-db01-4c3a-9917-c9c9df5c36ab,1bc5f154-cced-4d64-a6be-9971256eb4f7,28d15fe6-e356-4ddb-a6b4-e776c4c916c3
45f8d0b9-a76d-4530-8101-2e96b6a9bd26,1bc5f154-cced-4d64-a6be-9971256eb4f7,1953a848-ca64-42e8-b62a-dbe34cea4491
ffd97540-48b3-448a-95d0-f4e4f63480d0,1bc5f154-cced-4d64-a6be-9971256eb4f7,7479bdc8-5132-490c-9b60-643bab9bc36f
61bf46c1-7b06-4f49-b180-308fd70121d4,1bc5f154-cced-4d64-a6be-9971256eb4f7,5b7264e4-b607-479f-8e5f-3d947c982f2e
64d64f40-f569-4e1d-854a-5e4eddf0f343,1bc5f154-cced-4d64-a6be-9971256eb4f7,70d20e73-bbd4-4170-a454-a204277fb940
4dbe165c-f9d8-4361-afa3-bc10f90a7d35,1bc5f154-cced-4d64-a6be-9971256eb4f7,7178d4dd-f39e-44ec-acaa-a1ce983dc38f
e9d3a6a4-9e08-4f38-95ed-4e72d80dc34a,1bc5f154-cced-4d64-a6be-9971256eb4f7,c16e605b-7797-434c-bac9-661d01e1593e
54d28d90-b899-4688-a163-416de4d39d56,1bc5f154-cced-4d64-a6be-9971256eb4f7,6b822c95-3ae8-4f94-b144-de0bf4c52f7b
fadb02cd-8e1e-4db7-8426-83d8736c5339,1bc5f154-cced-4d64-a6be-9971256eb4f7,97241afc-e0c7-4028-b753-5fdde06a107f
57ed6bc2-ae38-4ff7-beb9-2e17a3c45979,1bc5f154-cced-4d64-a6be-9971256eb4f7,9e80c792-878b-4aa3-8881-d14c47efc700
0ffa08ef-ee25-4e3a-a46d-3acfeae36915,1bc5f154-cced-4d64-a6be-9971256eb4f7,58195a3f-dd2e-4dd3-b507-f1f2d5a86ea1
d961a9b2-7dc5-4d86-8bef-53e733dec9cd,1bc5f154-cced-4d64-a6be-9971256eb4f7,407925d4-d7a6-467b-9db2-99886b577cfe
3e5d3b3a-d4d8-4115-96a4-cc6dcbf44214,1bc5f154-cced-4d64-a6be-9971256eb4f7,6c106309-e948-41a4-958c-afc521ad50f0
cca0c930-b938-4f68-9560-7e9f657c0438,1bc5f154-cced-4d64-a6be-9971256eb4f7,f254a036-479b-4cf4-ba30-4586fbfb0e91
85e3b9ce-1f60-4824-b630-921b856bbfc6,1bc5f154-cced-4d64-a6be-9971256eb4f7,329f379b-766f-410c-84e1-1d3f38448f5b
c7a3af2b-67d4-4465-9136-1948ba6c0f62,1bc5f154-cced-4d64-a6be-9971256eb4f7,0e4b63c1-93f5-498b-8ebe-96afc4764adb
649f865e-91ce-4ee3-a8ae-08b1bdf56b8d,1bc5f154-cced-4d64-a6be-9971256eb4f7,6cdb591f-1dac-4bb5-859f-670bc99d4000
e869b06d-7f4f-4a19-b1db-1e0c0cc442d1,1bc5f154-cced-4d64-a6be-9971256eb4f7,d1549a61-cc88-435e-8a9f-be9ca5504d0f
65b80749-778c-4603-89e4-2aaaebff357d,1bc5f154-cced-4d64-a6be-9971256eb4f7,1ac70d94-0e1b-4564-9736-3f2c7bbe0b72
406d431f-f124-4899-8c86-ff3707511289,1bc5f154-cced-4d64-a6be-9971256eb4f7,758985be-ec2a-48c6-835b-3ed9296da09b
aaf4cae1-0595-49f6-9a44-9ff576432b84,1bc5f154-cced-4d64-a6be-9971256eb4f7,89659760-a206-4cb7-acd2-0ddead5e175c
fd4ffd8b-9109-4a6e-a5bb-8aa0fea76941,1bc5f154-cced-4d64-a6be-9971256eb4f7,965da298-7ae4-4c03-a633-1795bdb00674
33ce5860-3ae7-4733-8987-084678d54eb0,1bc5f154-cced-4d64-a6be-9971256eb4f7,2992d77f-172c-408a-b6f2-302ccf7da642
82379fc0-f8cb-4fbc-bb54-3f7c0c487252,1bc5f154-cced-4d64-a6be-9971256eb4f7,384354d6-6291-48d9-82d0-0601f792428e
75b67aaf-6a25-4278-86f9-04ae890f239b,1bc5f154-cced-4d64-a6be-9971256eb4f7,7b11d49e-4771-4cd2-a163-3def98acdb2f
90651067-e8c5-43f2-b5d8-c819030b032f,1bc5f154-cced-4d64-a6be-9971256eb4f7,a2075506-d824-4074-a90d-d099da6271ca
8461af20-5b9d-4042-9397-2f220354b9e8,1bc5f154-cced-4d64-a6be-9971256eb4f7,1072799a-d1cb-436e-93c7-30d2152728a1
e0d8d8f5-fb88-4ea5-b010-9cbda7559be0,25d061c2-2882-4c58-bd69-efb74f8ad650,dc92eb00-b5e5-42f4-b794-fa3fcdc055a9
ed306194-2e97-46d0-b145-c513d38e8507,25d061c2-2882-4c58-bd69-efb74f8ad650,945e0d27-9df2-4c10-a6ca-e5c97de4a32b
3505a881-3461-4868-a1c7-c6969188fee3,25d061c2-2882-4c58-bd69-efb74f8ad650,a2297bbd-1681-4fa0-8052-00d906b0fd77
2f753fce-516f-4f9a-ae01-7b439f7c9510,25d061c2-2882-4c58-bd69-efb74f8ad650,e43c86a3-b79e-4a54-bdd7-3fb56cdb0038
c6abb1f9-a610-4763-af41-31a42aabd063,25d061c2-2882-4c58-bd69-efb74f8ad650,16601529-5a27-4099-91c3-5485743ff21d
8304b181-6c45-423f-af58-9ce88f965726,25d061c2-2882-4c58-bd69-efb74f8ad650,a14717e4-3497-4246-a0cf-fb749111a028
044a54f8-3ba8-4077-9fb9-286b87af5414,25d061c2-2882-4c58-bd69-efb74f8ad650,3c0b8ec7-a9dc-4180-af5f-9d71058db0a7
e6df1b88-a365-4e7f-b772-5241be5b38f3,25d061c2-2882-4c58-bd69-efb74f8ad650,3b7b1deb-dbe3-418d-9590-85c099f88ed3
4c7b245c-cf13-4c61-b718-d77664be0b26,25d061c2-2882-4c58-bd69-efb74f8ad650,5b4ce8cf-c4cc-4b8f-b5df-e0f9c33489a3
82368cd5-c2f5-4151-975a-6c9401e2953d,25d061c2-2882-4c58-bd69-efb74f8ad650,7cf86c1a-6efc-4f32-b0e7-8ea09fa68168
5ccda057-0fb7-4413-9266-fc060ece0f6d,25d061c2-2882-4c58-bd69-efb74f8ad650,de04e5f7-2165-4329-a5ac-6b6c2625b59e
b17774d3-c8ad-4a1e-b938-73fb60f0dd5d,25d061c2-2882-4c58-bd69-efb74f8ad650,71aa204e-f6a9-4103-a627-f9a54a57bf60
88a35bab-9821-45b7-b5c5-35a21bd61b87,25d061c2-2882-4c58-bd69-efb74f8ad650,027e7a0d-b3a0-472d-b90e-8402e86e8461
294503ce-a851-4529-87e8-267b07aeef63,25d061c2-2882-4c58-bd69-efb74f8ad650,75601d82-60fa-4f39-8cbd-61b4424e96d5
bacfe83c-cdca-4949-bdc2-db65188dc809,25d061c2-2882-4c58-bd69-efb74f8ad650,133b6151-1ee0-48a7-bc66-187dad263226
52be8d8d-1085-4d5c-8512-c7328e2262da,25d061c2-2882-4c58-bd69-efb74f8ad650,b168ea19-9219-438b-9e52-64f2ea0fef27
37fa13b7-d128-4775-b2a5-5d453fc64d30,25d061c2-2882-4c58-bd69-efb74f8ad650,28d15fe6-e356-4ddb-a6b4-e776c4c916c3
5316c687-554e-43af-993d-a7a2f0bfbe27,25d061c2-2882-4c58-bd69-efb74f8ad650,1953a848-ca64-42e8-b62a-dbe34cea4491
b1b69821-3e92-47ed-af6c-1fddbd206d91,25d061c2-2882-4c58-bd69-efb74f8ad650,7479bdc8-5132-490c-9b60-643bab9bc36f
3c910819-872b-4eed-abdf-295175036a9b,25d061c2-2882-4c58-bd69-efb74f8ad650,5b7264e4-b607-479f-8e5f-3d947c982f2e
8b325516-3b62-4c81-918b-ca406ad11940,25d061c2-2882-4c58-bd69-efb74f8ad650,70d20e73-bbd4-4170-a454-a204277fb940
a2a8d965-a374-4dab-b3c6-cd3b2506b7af,25d061c2-2882-4c58-bd69-efb74f8ad650,7178d4dd-f39e-44ec-acaa-a1ce983dc38f
ee155121-dcc8-478d-9e21-c4fcb66cb07f,25d061c2-2882-4c58-bd69-efb74f8ad650,c16e605b-7797-434c-bac9-661d01e1593e
f7f3b4cc-00e4-4740-b3af-629abbc93c79,25d061c2-2882-4c58-bd69-efb74f8ad650,6b822c95-3ae8-4f94-b144-de0bf4c52f7b
5588e3c7-3842-4e71-beb7-daa46e1fdfa7,25d061c2-2882-4c58-bd69-efb74f8ad650,97241afc-e0c7-4028-b753-5fdde06a107f
1817e5fb-425e-4427-b8bd-cb714a2a8323,25d061c2-2882-4c58-bd69-efb74f8ad650,9e80c792-878b-4aa3-8881-d14c47efc700
bdd53ba2-00c0-4bef-8f39-20305d6b7c8f,25d061c2-2882-4c58-bd69-efb74f8ad650,58195a3f-dd2e-4dd3-b507-f1f2d5a86ea1
cbd6745a-1466-4a2f-a7bd-ba556bef7cd7,25d061c2-2882-4c58-bd69-efb74f8ad650,407925d4-d7a6-467b-9db2-99886b577cfe
37c5769b-93c9-439f-8f97-bbc94876acc0,25d061c2-2882-4c58-bd69-efb74f8ad650,6c106309-e948-41a4-958c-afc521ad50f0
1b631fa1-3c13-40b3-8f87-49eb95851926,25d061c2-2882-4c58-bd69-efb74f8ad650,f254a036-479b-4cf4-ba30-4586fbfb0e91
fd7f7e69-bb46-4561-87ab-5581ed76457a,25d061c2-2882-4c58-bd69-efb74f8ad650,329f379b-766f-410c-84e1-1d3f38448f5b
961c21ec-978e-480e-8ddc-ef9de9838ce8,25d061c2-2882-4c58-bd69-efb74f8ad650,0e4b63c1-93f5-498b-8ebe-96afc4764adb
50633cb5-7e2e-49cf-939b-a84998cff9fd,25d061c2-2882-4c58-bd69-efb74f8ad650,6cdb591f-1dac-4bb5-859f-670bc99d4000
b6dd5bab-6328-406f-873c-1a643b623f4d,25d061c2-2882-4c58-bd69-efb74f8ad650,d1549a61-cc88-435e-8a9f-be9ca5504d0f
f4bd7959-d46f-4f9f-8d2a-fa1a476708dd,25d061c2-2882-4c58-bd69-efb74f8ad650,1ac70d94-0e1b-4564-9736-3f2c7bbe0b72
64cb1070-6476-4d09-8379-7e2d6a590e55,25d061c2-2882-4c58-bd69-efb74f8ad650,758985be-ec2a-48c6-835b-3ed9296da09b
2e4dc6da-a6f7-4a63-be95-cc0b4e995e5d,25d061c2-2882-4c58-bd69-efb74f8ad650,89659760-a206-4cb7-acd2-0ddead5e175c
bf2db2f4-3de0-4b2c-a2b1-fc10780fd3ce,25d061c2-2882-4c58-bd69-efb74f8ad650,965da298-7ae4-4c03-a633-1795bdb00674
310ea6ca-2f17-4bdd-8b6f-f1041aed7732,25d061c2-2882-4c58-bd69-efb74f8ad650,2992d77f-172c-408a-b6f2-302ccf7da642
55d24b63-d08f-4478-aea0-2484766aee29,25d061c2-2882-4c58-bd69-efb74f8ad650,384354d6-6291-48d9-82d0-0601f792428e
0f289e8b-33fe-4e07-b110-d67c62ef42db,25d061c2-2882-4c58-bd69-efb74f8ad650,7b11d49e-4771-4cd2-a163-3def98acdb2f
080dd6eb-94a7-4f8f-bcab-db673d1424f6,25d061c2-2882-4c58-bd69-efb74f8ad650,a2075506-d824-4074-a90d-d099da6271ca
52c13cda-23a7-4219-94c3-8072aef992aa,25d061c2-2882-4c58-bd69-efb74f8ad650,1072799a-d1cb-436e-93c7-30d2152728a1
f6f69065-5d15-4494-80d3-4468604b5938,75a7676d-354e-4351-b3fc-6ee8e8195156,dc92eb00-b5e5-42f4-b794-fa3fcdc055a9
48f3c924-1655-4848-a12f-30a5d37df9a8,75a7676d-354e-4351-b3fc-6ee8e8195156,945e0d27-9df2-4c10-a6ca-e5c97de4a32b
5a5db5ff-dc44-4850-a5c6-dd8e4fc62591,75a7676d-354e-4351-b3fc-6ee8e8195156,a2297bbd-1681-4fa0-8052-00d906b0fd77
7d81906f-7f41-47ae-81be-8c7ead535568,75a7676d-354e-4351-b3fc-6ee8e8195156,e43c86a3-b79e-4a54-bdd7-3fb56cdb0038
9193e447-1e83-4025-bee7-10accee1d7ed,75a7676d-354e-4351-b3fc-6ee8e8195156,16601529-5a27-4099-91c3-5485743ff21d
9df66a73-458f-49e9-97df-441be02753d8,75a7676d-354e-4351-b3fc-6ee8e8195156,a14717e4-3497-4246-a0cf-fb749111a028
179c22d3-9a97-4b08-8108-183b9d4d7694,75a7676d-354e-4351-b3fc-6ee8e8195156,3c0b8ec7-a9dc-4180-af5f-9d71058db0a7
8146257b-53e9-44b3-a559-e8d7df3ed0cf,75a7676d-354e-4351-b3fc-6ee8e8195156,3b7b1deb-dbe3-418d-9590-85c099f88ed3
87f89d93-58b5-4031-8b26-aa010601fee4,75a7676d-354e-4351-b3fc-6ee8e8195156,5b4ce8cf-c4cc-4b8f-b5df-e0f9c33489a3
cf23309f-839d-4ff7-8518-6211487e3958,75a7676d-354e-4351-b3fc-6ee8e8195156,7cf86c1a-6efc-4f32-b0e7-8ea09fa68168
13cd6ce2-82f8-4745-bfe8-d8676df7c6c3,75a7676d-354e-4351-b3fc-6ee8e8195156,de04e5f7-2165-4329-a5ac-6b6c2625b59e
29da88ea-7ef0-4ab8-86a8-6348c65cba7c,75a7676d-354e-4351-b3fc-6ee8e8195156,71aa204e-f6a9-4103-a627-f9a54a57bf60
2c782eb5-0add-41f9-8d1b-2cab4dffa97b,75a7676d-354e-4351-b3fc-6ee8e8195156,027e7a0d-b3a0-472d-b90e-8402e86e8461
ac231e8f-c27c-4c5d-a3d2-0e574c9703eb,75a7676d-354e-4351-b3fc-6ee8e8195156,75601d82-60fa-4f39-8cbd-61b4424e96d5
bdd568d7-e475-45c6-87d0-78aaa9e20f60,75a7676d-354e-4351-b3fc-6ee8e8195156,133b6151-1ee0-48a7-bc66-187dad263226
33eccf71-869c-4fac-bbcc-44ed26c6c803,75a7676d-354e-4351-b3fc-6ee8e8195156,b168ea19-9219-438b-9e52-64f2ea0fef27
c8a9db95-c808-4c8b-9052-11d723895731,75a7676d-354e-4351-b3fc-6ee8e8195156,28d15fe6-e356-4ddb-a6b4-e776c4c916c3
3636b016-bbd6-43d6-9d0c-7ae33ddf2965,75a7676d-354e-4351-b3fc-6ee8e8195156,1953a848-ca64-42e8-b62a-dbe34cea4491
13f1282a-50a3-42f6-af73-6e7e21f0b8eb,75a7676d-354e-4351-b3fc-6ee8e8195156,7479bdc8-5132-490c-9b60-643bab9bc36f
e077b208-e9b1-4841-aab7-f6703eb792ea,75a7676d-354e-4351-b3fc-6ee8e8195156,5b7264e4-b607-479f-8e5f-3d947c982f2e
fc05cc88-a187-441e-9f1f-67f4f3b4f283,75a7676d-354e-4351-b3fc-6ee8e8195156,70d20e73-bbd4-4170-a454-a204277fb940
8ad0f056-50ce-451d-aa97-f8cb2a2a5361,75a7676d-354e-4351-b3fc-6ee8e8195156,7178d4dd-f39e-44ec-acaa-a1ce983dc38f
d877db11-c865-4287-8f3b-25a633e4f36a,75a7676d-354e-4351-b3fc-6ee8e8195156,c16e605b-7797-434c-bac9-661d01e1593e
36730ae2-3b96-4c6f-9b34-a6c161731ff4,75a7676d-354e-4351-b3fc-6ee8e8195156,6b822c95-3ae8-4f94-b144-de0bf4c52f7b
ebc50a71-b0cc-43d2-8fde-1c22deba6e22,75a7676d-354e-4351-b3fc-6ee8e8195156,97241afc-e0c7-4028-b753-5fdde06a107f
16a841fc-6c67-4c7f-87ae-57c154f36f32,75a7676d-354e-4351-b3fc-6ee8e8195156,9e80c792-878b-4aa3-8881-d14c47efc700
c77311a9-d976-4da3-86b3-b8e16f1dd2e0,75a7676d-354e-4351-b3fc-6ee8e8195156,58195a3f-dd2e-4dd3-b507-f1f2d5a86ea1
d3f06f5d-aa9e-4fb1-bd6f-cca1a4550b82,75a7676d-354e-4351-b3fc-6ee8e8195156,407925d4-d7a6-467b-9db2-99886b577cfe
bcbd9831-0f0c-450a-bb31-8ea2881f14be,75a7676d-354e-4351-b3fc-6ee8e8195156,6c106309-e948-41a4-958c-afc521ad50f0
314d2038-c441-42c8-9aad-b876f6b4ea60,75a7676d-354e-4351-b3fc-6ee8e8195156,f254a036-479b-4cf4-ba30-4586fbfb0e91
d06863b0-0ecd-4eed-88fd-6f368f67868f,75a7676d-354e-4351-b3fc-6ee8e8195156,329f379b-766f-410c-84e1-1d3f38448f5b
793686c3-08ad-4c79-83ca-932022e6257f,75a7676d-354e-4351-b3fc-6ee8e8195156,0e4b63c1-93f5-498b-8ebe-96afc4764adb
4ef6e61e-99de-44a6-97ed-4ab384f87610,75a7676d-354e-4351-b3fc-6ee8e8195156,6cdb591f-1dac-4bb5-859f-670bc99d4000
4de606b1-1e33-472c-abb9-2421269aac8a,75a7676d-354e-4351-b3fc-6ee8e8195156,d1549a61-cc88-435e-8a9f-be9ca5504d0f
a3524828-801f-4e88-8944-2decf9ba046b,75a7676d-354e-4351-b3fc-6ee8e8195156,1ac70d94-0e1b-4564-9736-3f2c7bbe0b72
4cee1cb8-ed7a-4869-a035-333d9598d6cd,75a7676d-354e-4351-b3fc-6ee8e8195156,758985be-ec2a-48c6-835b-3ed9296da09b
47845912-774e-4c99-a47d-22ef0ee0c574,75a7676d-354e-4351-b3fc-6ee8e8195156,89659760-a206-4cb7-acd2-0ddead5e175c
77a0cb7c-a8b8-4998-b56f-910ea68bb79b,75a7676d-354e-4351-b3fc-6ee8e8195156,965da298-7ae4-4c03-a633-1795bdb00674
e32331a8-63ce-442c-b7df-5b6baba90914,75a7676d-354e-4351-b3fc-6ee8e8195156,2992d77f-172c-408a-b6f2-302ccf7da642
43e374e7-fa1d-4295-b479-cacd5ff32aae,75a7676d-354e-4351-b3fc-6ee8e8195156,384354d6-6291-48d9-82d0-0601f792428e
b55dd665-df82-491e-bf31-328f9bb22090,75a7676d-354e-4351-b3fc-6ee8e8195156,7b11d49e-4771-4cd2-a163-3def98acdb2f
24a09ebc-73e1-4a28-8653-e5ff01a446b4,75a7676d-354e-4351-b3fc-6ee8e8195156,a2075506-d824-4074-a90d-d099da6271ca
6a9a4b8f-b264-4dd2-9e9e-d1818e84ac4a,75a7676d-354e-4351-b3fc-6ee8e8195156,1072799a-d1cb-436e-93c7-30d2152728a1
e676864e-cd93-4c0e-9a96-1b7a9294c918,b057e4e9-cc05-4ce1-8378-3d495c1e0ee4,dc92eb00-b5e5-42f4-b794-fa3fcdc055a9
4b2f1f07-aa27-484c-9ba7-77f4ca9d2c96,b057e4e9-cc05-4ce1-8378-3d495c1e0ee4,945e0d27-9df2-4c10-a6ca-e5c97de4a32b
5b833b17-c0cd-44d5-8a41-0b7446993ba5,b057e4e9-cc05-4ce1-8378-3d495c1e0ee4,a2297bbd-1681-4fa0-8052-00d906b0fd77
6e4b7844-fc5e-4afd-99db-423b9e4dc852,b057e4e9-cc05-4ce1-8378-3d495c1e0ee4,e43c86a3-b79e-4a54-bdd7-3fb56cdb0038
57c7ac3a-5da5-445d-94f7-4e5d561da8f3,b057e4e9-cc05-4ce1-8378-3d495c1e0ee4,16601529-5a27-4099-91c3-5485743ff21d
a5502762-3bd3-4980-b87e-5227ab4ba5ab,b057e4e9-cc05-4ce1-8378-3d495c1e0ee4,a14717e4-3497-4246-a0cf-fb749111a028
4a9decde-d89f-4a77-be76-a0842c51e3d0,b057e4e9-cc05-4ce1-8378-3d495c1e0ee4,3c0b8ec7-a9dc-4180-af5f-9d71058db0a7
046931e9-5bce-4f00-9a71-0ff6928b49fe,b057e4e9-cc05-4ce1-8378-3d495c1e0ee4,3b7b1deb-dbe3-418d-9590-85c099f88ed3
77c1f9a6-e1c6-4a53-a5c4-dc6ecc3f2595,b057e4e9-cc05-4ce1-8378-3d495c1e0ee4,5b4ce8cf-c4cc-4b8f-b5df-e0f9c33489a3
a3ae82f7-8c82-44fd-8d17-657bd2d10866,b057e4e9-cc05-4ce1-8378-3d495c1e0ee4,7cf86c1a-6efc-4f32-b0e7-8ea09fa68168
88482e1e-0b25-4f47-b619-66de5fc64dd6,b057e4e9-cc05-4ce1-8378-3d495c1e0ee4,de04e5f7-2165-4329-a5ac-6b6c2625b59e
87e540a3-5489-40ab-b30f-413cd8ee371d,b057e4e9-cc05-4ce1-8378-3d495c1e0ee4,71aa204e-f6a9-4103-a627-f9a54a57bf60
f880f80b-6a74-48e5-89da-6da62538b48c,b057e4e9-cc05-4ce1-8378-3d495c1e0ee4,027e7a0d-b3a0-472d-b90e-8402e86e8461
b5aea586-7037-4a47-a32a-34a616df3d8b,b057e4e9-cc05-4ce1-8378-3d495c1e0ee4,75601d82-60fa-4f39-8cbd-61b4424e96d5
86913507-95b9-4dd8-a020-f9f0e7d115a1,b057e4e9-cc05-4ce1-8378-3d495c1e0ee4,133b6151-1ee0-48a7-bc66-187dad263226
d9f9ba33-4a5c-4c1f-86f6-9ce0a06e6361,b057e4e9-cc05-4ce1-8378-3d495c1e0ee4,b168ea19-9219-438b-9e52-64f2ea0fef27
71f54661-3c1b-48e6-b654-0b44a36691f1,b057e4e9-cc05-4ce1-8378-3d495c1e0ee4,28d15fe6-e356-4ddb-a6b4-e776c4c916c3
1239be16-f1de-40b1-a4d9-7d4e22f3ebde,b057e4e9-cc05-4ce1-8378-3d495c1e0ee4,1953a848-ca64-42e8-b62a-dbe34cea4491
f36b152e-8b4c-4d46-9aeb-784ef22ed191,b057e4e9-cc05-4ce1-8378-3d495c1e0ee4,7479bdc8-5132-490c-9b60-643bab9bc36f
41bf3d15-dbf0-46e2-b882-d3e8ab0fd6ae,b057e4e9-cc05-4ce1-8378-3d495c1e0ee4,5b7264e4-b607-479f-8e5f-3d947c982f2e
71a33023-3c20-4cc0-98cf-69e64870df69,b057e4e9-cc05-4ce1-8378-3d495c1e0ee4,70d20e73-bbd4-4170-a454-a204277fb940
af197846-469b-4a8a-9dab-c9f4e5f4b916,b057e4e9-cc05-4ce1-8378-3d495c1e0ee4,7178d4dd-f39e-44ec-acaa-a1ce983dc38f
fcc9a7f8-c756-4c58-aadd-115ab0ae1ee0,b057e4e9-cc05-4ce1-8378-3d495c1e0ee4,c16e605b-7797-434c-bac9-661d01e1593e
16be9040-3841-4077-b5e3-c23733e84a27,b057e4e9-cc05-4ce1-8378-3d495c1e0ee4,6b822c95-3ae8-4f94-b144-de0bf4c52f7b
8292b7a0-9720-4bfd-a690-dc2f06211d9a,b057e4e9-cc05-4ce1-8378-3d495c1e0ee4,97241afc-e0c7-4028-b753-5fdde06a107f
610b7e9b-a7a2-456f-9405-edfe8409c1d8,b057e4e9-cc05-4ce1-8378-3d495c1e0ee4,9e80c792-878b-4aa3-8881-d14c47efc700
f1337143-d77c-4d4e-82d3-53b7910fbbb4,b057e4e9-cc05-4ce1-8378-3d495c1e0ee4,58195a3f-dd2e-4dd3-b507-f1f2d5a86ea1
ff0c6e1f-f648-4e1f-b189-a2eab48809e8,b057e4e9-cc05-4ce1-8378-3d495c1e0ee4,407925d4-d7a6-467b-9db2-99886b577cfe
dbe4cd7d-02e3-430a-93ac-87b7b0f8a7d5,b057e4e9-cc05-4ce1-8378-3d495c1e0ee4,6c106309-e948-41a4-958c-afc521ad50f0
b124c36f-7edc-4528-86d1-b92c41f469e6,b057e4e9-cc05-4ce1-8378-3d495c1e0ee4,f254a036-479b-4cf4-ba30-4586fbfb0e91
2457e20d-1729-4d0c-8fac-dbc31d790d0f,b057e4e9-cc05-4ce1-8378-3d495c1e0ee4,329f379b-766f-410c-84e1-1d3f38448f5b
c471ad38-659c-445f-acae-862e2a3f74b5,b057e4e9-cc05-4ce1-8378-3d495c1e0ee4,0e4b63c1-93f5-498b-8ebe-96afc4764adb
719172ab-8725-4a42-8c00-71d960cdab8e,b057e4e9-cc05-4ce1-8378-3d495c1e0ee4,6cdb591f-1dac-4bb5-859f-670bc99d4000
30fd9bbf-806d-46ed-b8bf-2b66961798d3,b057e4e9-cc05-4ce1-8378-3d495c1e0ee4,d1549a61-cc88-435e-8a9f-be9ca5504d0f
5a2bc326-1953-4b9a-b574-6b624980cd8b,b057e4e9-cc05-4ce1-8378-3d495c1e0ee4,1ac70d94-0e1b-4564-9736-3f2c7bbe0b72
8e836e05-14d4-4d2f-bedc-6ec050dd4014,b057e4e9-cc05-4ce1-8378-3d495c1e0ee4,758985be-ec2a-48c6-835b-3ed9296da09b
26466fe6-3fcd-430d-9fc6-4d7952499db9,b057e4e9-cc05-4ce1-8378-3d495c1e0ee4,89659760-a206-4cb7-acd2-0ddead5e175c
3db2b9ad-03b3-429f-9c2f-da2822652c22,b057e4e9-cc05-4ce1-8378-3d495c1e0ee4,965da298-7ae4-4c03-a633-1795bdb00674
812a2d44-200a-4b18-a9b6-31dfcea500d5,b057e4e9-cc05-4ce1-8378-3d495c1e0ee4,2992d77f-172c-408a-b6f2-302ccf7da642
82b5915b-d97c-4f79-ac46-ae090adb5837,b057e4e9-cc05-4ce1-8378-3d495c1e0ee4,384354d6-6291-48d9-82d0-0601f792428e
880acda1-37dc-4c9c-82cd-a4136c676cdb,b057e4e9-cc05-4ce1-8378-3d495c1e0ee4,7b11d49e-4771-4cd2-a163-3def98acdb2f
b8e29e6c-1fc0-4795-8406-73b6bbd11888,b057e4e9-cc05-4ce1-8378-3d495c1e0ee4,a2075506-d824-4074-a90d-d099da6271ca
fff40889-d485-491f-9df3-533814538e3f,b057e4e9-cc05-4ce1-8378-3d495c1e0ee4,1072799a-d1cb-436e-93c7-30d2152728a1
030d1e8e-35bb-4346-b0d5-7e092170541d,f16fedec-0a6f-4ccb-99a6-9e32bbf7e49e,dc92eb00-b5e5-42f4-b794-fa3fcdc055a9
80b0e797-a13f-4477-9d0d-bf4c7121a549,f16fedec-0a6f-4ccb-99a6-9e32bbf7e49e,945e0d27-9df2-4c10-a6ca-e5c97de4a32b
475825ef-10a8-4a2d-b027-c40a4058d43d,f16fedec-0a6f-4ccb-99a6-9e32bbf7e49e,a2297bbd-1681-4fa0-8052-00d906b0fd77
7595c0d9-9777-4d00-b1b2-a0d71b21f259,f16fedec-0a6f-4ccb-99a6-9e32bbf7e49e,e43c86a3-b79e-4a54-bdd7-3fb56cdb0038
bb2c1b6d-1b8b-4a96-9e0c-b063f24b68bb,f16fedec-0a6f-4ccb-99a6-9e32bbf7e49e,16601529-5a27-4099-91c3-5485743ff21d
09def9bf-b512-41d8-af30-e5dacf82bbb3,f16fedec-0a6f-4ccb-99a6-9e32bbf7e49e,a14717e4-3497-4246-a0cf-fb749111a028
873bfa4b-d91f-4888-9d85-9168227c6b66,f16fedec-0a6f-4ccb-99a6-9e32bbf7e49e,3c0b8ec7-a9dc-4180-af5f-9d71058db0a7
b0d1436a-cdf8-4fec-bb8e-3228533c0d03,f16fedec-0a6f-4ccb-99a6-9e32bbf7e49e,3b7b1deb-dbe3-418d-9590-85c099f88ed3
30e064b7-9f6a-4617-9d1f-16890e556d62,f16fedec-0a6f-4ccb-99a6-9e32bbf7e49e,5b4ce8cf-c4cc-4b8f-b5df-e0f9c33489a3
eb8b38d2-c706-4087-97c2-63e465047faf,f16fedec-0a6f-4ccb-99a6-9e32bbf7e49e,7cf86c1a-6efc-4f32-b0e7-8ea09fa68168
e8910f39-d6c9-4bcc-881d-2acdde62939c,f16fedec-0a6f-4ccb-99a6-9e32bbf7e49e,de04e5f7-2165-4329-a5ac-6b6c2625b59e
36361bd4-486f-424e-9cc1-ae664cfbf2e8,f16fedec-0a6f-4ccb-99a6-9e32bbf7e49e,71aa204e-f6a9-4103-a627-f9a54a57bf60
9a0276ff-28bc-4226-971d-13274abb705e,f16fedec-0a6f-4ccb-99a6-9e32bbf7e49e,027e7a0d-b3a0-472d-b90e-8402e86e8461
768ad672-b4b2-4399-974d-c32d2938171c,f16fedec-0a6f-4ccb-99a6-9e32bbf7e49e,75601d82-60fa-4f39-8cbd-61b4424e96d5
e27e7c37-d419-42d0-b436-2360158a5ef3,f16fedec-0a6f-4ccb-99a6-9e32bbf7e49e,133b6151-1ee0-48a7-bc66-187dad263226
dbe20aca-ef7b-4320-b64b-911c396621d2,f16fedec-0a6f-4ccb-99a6-9e32bbf7e49e,b168ea19-9219-438b-9e52-64f2ea0fef27
02e25aab-91f3-41f7-9dfb-1cdeecbf077f,f16fedec-0a6f-4ccb-99a6-9e32bbf7e49e,28d15fe6-e356-4ddb-a6b4-e776c4c916c3
2b033b88-69e2-4743-9fa6-088a774c786f,f16fedec-0a6f-4ccb-99a6-9e32bbf7e49e,1953a848-ca64-42e8-b62a-dbe34cea4491
610c357c-517e-4a72-b499-aa3d6e138fd0,f16fedec-0a6f-4ccb-99a6-9e32bbf7e49e,7479bdc8-5132-490c-9b60-643bab9bc36f
01d3680b-1011-42d3-b750-40e2a7728e62,f16fedec-0a6f-4ccb-99a6-9e32bbf7e49e,5b7264e4-b607-479f-8e5f-3d947c982f2e
e66cf17d-adee-440e-9d1d-ee2c5ee78db6,f16fedec-0a6f-4ccb-99a6-9e32bbf7e49e,70d20e73-bbd4-4170-a454-a204277fb940
73fdf099-507a-4b4e-b7c5-dcfb1cbd980c,f16fedec-0a6f-4ccb-99a6-9e32bbf7e49e,7178d4dd-f39e-44ec-acaa-a1ce983dc38f
10efeedf-c535-4a51-a619-0cfa0144d991,f16fedec-0a6f-4ccb-99a6-9e32bbf7e49e,c16e605b-7797-434c-bac9-661d01e1593e
5597f11e-77b0-46b0-a37b-1a69a283eae1,f16fedec-0a6f-4ccb-99a6-9e32bbf7e49e,6b822c95-3ae8-4f94-b144-de0bf4c52f7b
48cb1b28-0020-4b69-a24f-b34211866e3d,f16fedec-0a6f-4ccb-99a6-9e32bbf7e49e,97241afc-e0c7-4028-b753-5fdde06a107f
fc18b644-3f1d-4216-b37b-da4f0fb9e9ef,f16fedec-0a6f-4ccb-99a6-9e32bbf7e49e,9e80c792-878b-4aa3-8881-d14c47efc700
f97e0989-71ce-4664-b3f7-03357c452a69,f16fedec-0a6f-4ccb-99a6-9e32bbf7e49e,58195a3f-dd2e-4dd3-b507-f1f2d5a86ea1
c4df4d8a-ca80-48da-8969-39eca0e60fcf,f16fedec-0a6f-4ccb-99a6-9e32bbf7e49e,407925d4-d7a6-467b-9db2-99886b577cfe
6399b2b4-f338-4ee2-ab80-a928d691875a,f16fedec-0a6f-4ccb-99a6-9e32bbf7e49e,6c106309-e948-41a4-958c-afc521ad50f0
c60eeeef-1baf-4bc2-b0a4-8a88fda0f086,f16fedec-0a6f-4ccb-99a6-9e32bbf7e49e,f254a036-479b-4cf4-ba30-4586fbfb0e91
0db0bfe3-e463-4bbd-ad3a-7209c403b1f8,f16fedec-0a6f-4ccb-99a6-9e32bbf7e49e,329f379b-766f-410c-84e1-1d3f38448f5b
d96990ba-c5a6-4add-8644-1bbc749fa5cb,f16fedec-0a6f-4ccb-99a6-9e32bbf7e49e,0e4b63c1-93f5-498b-8ebe-96afc4764adb
258ee933-6b97-4a4e-acbe-45d4387ef080,f16fedec-0a6f-4ccb-99a6-9e32bbf7e49e,6cdb591f-1dac-4bb5-859f-670bc99d4000
6276e097-cead-4f53-a583-5aa72fe86db8,f16fedec-0a6f-4ccb-99a6-9e32bbf7e49e,d1549a61-cc88-435e-8a9f-be9ca5504d0f
0ab10258-d255-4f12-8233-aa232c1028a6,f16fedec-0a6f-4ccb-99a6-9e32bbf7e49e,1ac70d94-0e1b-4564-9736-3f2c7bbe0b72
976856f1-3955-491e-9b6f-a69766730c84,f16fedec-0a6f-4ccb-99a6-9e32bbf7e49e,758985be-ec2a-48c6-835b-3ed9296da09b
071d7209-3c75-42ce-8fba-de78f8d9fe54,f16fedec-0a6f-4ccb-99a6-9e32bbf7e49e,89659760-a206-4cb7-acd2-0ddead5e175c
90666bf6-df58-457d-bbb1-976a7832f549,f16fedec-0a6f-4ccb-99a6-9e32bbf7e49e,965da298-7ae4-4c03-a633-1795bdb00674
eb80281c-dce3-4aba-9cf6-672cd0ee8750,f16fedec-0a6f-4ccb-99a6-9e32bbf7e49e,2992d77f-172c-408a-b6f2-302ccf7da642
46acc6de-b79f-42e7-aad3-cd4b9c080c82,f16fedec-0a6f-4ccb-99a6-9e32bbf7e49e,384354d6-6291-48d9-82d0-0601f792428e
1ba072cc-9e88-4a66-9f8f-36f1394923bc,f16fedec-0a6f-4ccb-99a6-9e32bbf7e49e,7b11d49e-4771-4cd2-a163-3def98acdb2f
c103214e-7610-4ea5-8009-e3d613999dc1,f16fedec-0a6f-4ccb-99a6-9e32bbf7e49e,a2075506-d824-4074-a90d-d099da6271ca
efc07af2-cc23-491d-9c83-899781db8c34,f16fedec-0a6f-4ccb-99a6-9e32bbf7e49e,1072799a-d1cb-436e-93c7-30d2152728a1
913bf100-dd94-4691-a25a-11786794eb75,7328cb29-7a7d-469c-bdf8-d057c91aa876,dc92eb00-b5e5-42f4-b794-fa3fcdc055a9
03ba4bea-01b6-4b7b-a033-33407508e0a8,7328cb29-7a7d-469c-bdf8-d057c91aa876,945e0d27-9df2-4c10-a6ca-e5c97de4a32b
50bff29f-9d5f-4687-8039-bd724548e66c,7328cb29-7a7d-469c-bdf8-d057c91aa876,a2297bbd-1681-4fa0-8052-00d906b0fd77
e0cb8ab5-fea2-41d2-85c1-0e8d68b17473,7328cb29-7a7d-469c-bdf8-d057c91aa876,e43c86a3-b79e-4a54-bdd7-3fb56cdb0038
2eda122b-75e1-4238-9e7f-84b050fcdff2,7328cb29-7a7d-469c-bdf8-d057c91aa876,16601529-5a27-4099-91c3-5485743ff21d
fbe069f4-2a9d-41f4-820a-03d2dfc0d607,7328cb29-7a7d-469c-bdf8-d057c91aa876,a14717e4-3497-4246-a0cf-fb749111a028
d023c4a7-0702-4383-aed6-a1593eea5964,7328cb29-7a7d-469c-bdf8-d057c91aa876,3c0b8ec7-a9dc-4180-af5f-9d71058db0a7
69e9c44f-86d5-40f6-ab22-45d2bb7fecb7,7328cb29-7a7d-469c-bdf8-d057c91aa876,3b7b1deb-dbe3-418d-9590-85c099f88ed3
e81116a5-a90a-423c-87d8-67fdb8b41a25,7328cb29-7a7d-469c-bdf8-d057c91aa876,5b4ce8cf-c4cc-4b8f-b5df-e0f9c33489a3
5231d7f8-630c-4cf6-b301-1c6ce98c204a,7328cb29-7a7d-469c-bdf8-d057c91aa876,7cf86c1a-6efc-4f32-b0e7-8ea09fa68168
c532da5e-f951-4dc8-9e64-580f3dcdae94,7328cb29-7a7d-469c-bdf8-d057c91aa876,de04e5f7-2165-4329-a5ac-6b6c2625b59e
e36861ea-4c6f-4321-b423-8fbd60d1da03,7328cb29-7a7d-469c-bdf8-d057c91aa876,71aa204e-f6a9-4103-a627-f9a54a57bf60
f6fb32d3-c3aa-4c21-87f5-cc3e51803cc5,7328cb29-7a7d-469c-bdf8-d057c91aa876,027e7a0d-b3a0-472d-b90e-8402e86e8461
b2932bab-f9fd-480c-9077-9b0a93d5c8e7,7328cb29-7a7d-469c-bdf8-d057c91aa876,75601d82-60fa-4f39-8cbd-61b4424e96d5
2fb8997c-d3ae-48f4-a190-5e0c69d79686,7328cb29-7a7d-469c-bdf8-d057c91aa876,133b6151-1ee0-48a7-bc66-187dad263226
ecda2926-9fde-424a-94a7-97cc6e04117a,7328cb29-7a7d-469c-bdf8-d057c91aa876,b168ea19-9219-438b-9e52-64f2ea0fef27
2d771356-868a-4f05-95db-419bed1c03bd,7328cb29-7a7d-469c-bdf8-d057c91aa876,28d15fe6-e356-4ddb-a6b4-e776c4c916c3
6e61915b-e25f-4823-9f56-81ab4a88f2b3,7328cb29-7a7d-469c-bdf8-d057c91aa876,1953a848-ca64-42e8-b62a-dbe34cea4491
8d6ea96b-e31a-4411-85d8-da37e009d1d0,7328cb29-7a7d-469c-bdf8-d057c91aa876,7479bdc8-5132-490c-9b60-643bab9bc36f
0aa68040-83b7-4de3-a72d-947ddfe26f1f,7328cb29-7a7d-469c-bdf8-d057c91aa876,5b7264e4-b607-479f-8e5f-3d947c982f2e
4c28ab3d-687b-4e08-9080-54d70a9f2b71,7328cb29-7a7d-469c-bdf8-d057c91aa876,70d20e73-bbd4-4170-a454-a204277fb940
2d800fd1-71f4-43ef-ac04-75659573d54f,7328cb29-7a7d-469c-bdf8-d057c91aa876,7178d4dd-f39e-44ec-acaa-a1ce983dc38f
7322e51f-a63a-42e7-b88f-1c771e104d2c,7328cb29-7a7d-469c-bdf8-d057c91aa876,c16e605b-7797-434c-bac9-661d01e1593e
4ef6b6de-6cca-4984-8da2-b209232dad3a,7328cb29-7a7d-469c-bdf8-d057c91aa876,6b822c95-3ae8-4f94-b144-de0bf4c52f7b
8c672747-4b9c-4364-8915-0d2688409df7,7328cb29-7a7d-469c-bdf8-d057c91aa876,97241afc-e0c7-4028-b753-5fdde06a107f
ab29519e-96bc-4a36-8ca6-6664667d5ded,7328cb29-7a7d-469c-bdf8-d057c91aa876,9e80c792-878b-4aa3-8881-d14c47efc700
17862fff-530d-411c-abeb-6241d231ce25,7328cb29-7a7d-469c-bdf8-d057c91aa876,58195a3f-dd2e-4dd3-b507-f1f2d5a86ea1
a07a2147-804a-4b86-b501-ae0bc8ba6847,7328cb29-7a7d-469c-bdf8-d057c91aa876,407925d4-d7a6-467b-9db2-99886b577cfe
3f0ffe5c-9385-4b2f-a3a8-f9b0ea02862a,7328cb29-7a7d-469c-bdf8-d057c91aa876,6c106309-e948-41a4-958c-afc521ad50f0
fbba282c-b221-4aa5-bce0-cfc939a8a90f,7328cb29-7a7d-469c-bdf8-d057c91aa876,f254a036-479b-4cf4-ba30-4586fbfb0e91
ebed2593-426c-4abe-9ad4-3fca4cff1f8f,7328cb29-7a7d-469c-bdf8-d057c91aa876,329f379b-766f-410c-84e1-1d3f38448f5b
b45b2f6e-1d5f-4703-a66e-c9c24beaec20,7328cb29-7a7d-469c-bdf8-d057c91aa876,0e4b63c1-93f5-498b-8ebe-96afc4764adb
8e07d6c5-d9be-43b1-ae19-e4b879e133a9,7328cb29-7a7d-469c-bdf8-d057c91aa876,6cdb591f-1dac-4bb5-859f-670bc99d4000
dd16241c-8233-4592-baf3-0c278f7b83d1,7328cb29-7a7d-469c-bdf8-d057c91aa876,d1549a61-cc88-435e-8a9f-be9ca5504d0f
4155036a-e5f9-4fe8-ae8c-3a719566bc69,7328cb29-7a7d-469c-bdf8-d057c91aa876,1ac70d94-0e1b-4564-9736-3f2c7bbe0b72
de39b1bf-6a67-4983-869d-c498b2c85df1,7328cb29-7a7d-469c-bdf8-d057c91aa876,758985be-ec2a-48c6-835b-3ed9296da09b
f730f2ab-d5e1-4f1d-a17e-633e9e9dde2b,7328cb29-7a7d-469c-bdf8-d057c91aa876,89659760-a206-4cb7-acd2-0ddead5e175c
e5d1e14a-2b8a-4f2e-9a46-cbd4a52db592,7328cb29-7a7d-469c-bdf8-d057c91aa876,965da298-7ae4-4c03-a633-1795bdb00674
2965cf0e-c860-44b4-acdf-aa834b38a221,7328cb29-7a7d-469c-bdf8-d057c91aa876,2992d77f-172c-408a-b6f2-302ccf7da642
8af0e6d7-5983-42b2-a74e-e2ebee0e7b75,7328cb29-7a7d-469c-bdf8-d057c91aa876,384354d6-6291-48d9-82d0-0601f792428e
4caadef9-7963-4f41-9850-96a379858b97,7328cb29-7a7d-469c-bdf8-d057c91aa876,7b11d49e-4771-4cd2-a163-3def98acdb2f
8839c567-1894-4ee6-a02d-09f08e74d0f5,7328cb29-7a7d-469c-bdf8-d057c91aa876,a2075506-d824-4074-a90d-d099da6271ca
3a9b72c0-27c7-47a8-8994-402b3af6d1fa,7328cb29-7a7d-469c-bdf8-d057c91aa876,1072799a-d1cb-436e-93c7-30d2152728a1
18b58045-e5b8-4e88-8fa2-456e8bae3faf,478ffab3-0d38-4f87-983c-f92fa86c19a3,dc92eb00-b5e5-42f4-b794-fa3fcdc055a9
245be6e9-733d-4429-96b7-b238d8ee8fdc,478ffab3-0d38-4f87-983c-f92fa86c19a3,945e0d27-9df2-4c10-a6ca-e5c97de4a32b
ce89615d-c840-4f0f-a56d-529e140dc124,478ffab3-0d38-4f87-983c-f92fa86c19a3,a2297bbd-1681-4fa0-8052-00d906b0fd77
d95701ea-2c5c-48ea-8f9e-e1bdfb3d66fe,478ffab3-0d38-4f87-983c-f92fa86c19a3,e43c86a3-b79e-4a54-bdd7-3fb56cdb0038
3bcc2aa5-ac48-4112-9df6-ec7f02b0c3d2,478ffab3-0d38-4f87-983c-f92fa86c19a3,16601529-5a27-4099-91c3-5485743ff21d
15a2757b-7128-4f01-a080-f6c8fba6a0ca,478ffab3-0d38-4f87-983c-f92fa86c19a3,a14717e4-3497-4246-a0cf-fb749111a028
62a93bd5-b450-416f-aa03-05987952d0c9,478ffab3-0d38-4f87-983c-f92fa86c19a3,3c0b8ec7-a9dc-4180-af5f-9d71058db0a7
0d3aebb8-f722-4b4a-b6c9-4c997c4c684f,478ffab3-0d38-4f87-983c-f92fa86c19a3,3b7b1deb-dbe3-418d-9590-85c099f88ed3
5560a4b2-559a-4179-95ee-ead8a2270426,478ffab3-0d38-4f87-983c-f92fa86c19a3,5b4ce8cf-c4cc-4b8f-b5df-e0f9c33489a3
ca6b8c24-5a4c-4b1c-b869-52c236b786c1,478ffab3-0d38-4f87-983c-f92fa86c19a3,7cf86c1a-6efc-4f32-b0e7-8ea09fa68168
2037d67e-f718-4c95-85be-c5fa64511149,478ffab3-0d38-4f87-983c-f92fa86c19a3,de04e5f7-2165-4329-a5ac-6b6c2625b59e
f8e78c2f-f999-4b45-83e8-4e5ca1e51d4c,478ffab3-0d38-4f87-983c-f92fa86c19a3,71aa204e-f6a9-4103-a627-f9a54a57bf60
56941b6c-8a97-45d6-80b7-8f631cf7a4bd,478ffab3-0d38-4f87-983c-f92fa86c19a3,027e7a0d-b3a0-472d-b90e-8402e86e8461
1b1b0049-517f-4afb-91bb-349e5be261a3,478ffab3-0d38-4f87-983c-f92fa86c19a3,75601d82-60fa-4f39-8cbd-61b4424e96d5
b070d763-cc6b-4d18-a9ac-da50b08164e6,478ffab3-0d38-4f87-983c-f92fa86c19a3,133b6151-1ee0-48a7-bc66-187dad263226
d38a1ea1-b0f4-4666-993b-478094bd8bb6,478ffab3-0d38-4f87-983c-f92fa86c19a3,b168ea19-9219-438b-9e52-64f2ea0fef27
dcad8e5d-d7c3-4173-92e5-1897ec305422,478ffab3-0d38-4f87-983c-f92fa86c19a3,28d15fe6-e356-4ddb-a6b4-e776c4c916c3
b9bb7e28-ec49-4eed-8f54-196376db7dc3,478ffab3-0d38-4f87-983c-f92fa86c19a3,1953a848-ca64-42e8-b62a-dbe34cea4491
367d92f6-88f3-4920-b08f-3f85f602f27c,478ffab3-0d38-4f87-983c-f92fa86c19a3,7479bdc8-5132-490c-9b60-643bab9bc36f
2d6441fb-9a72-440e-a86c-334a4669fd8d,478ffab3-0d38-4f87-983c-f92fa86c19a3,5b7264e4-b607-479f-8e5f-3d947c982f2e
1b45c199-8d72-48fe-91e7-1d7222c74ebd,478ffab3-0d38-4f87-983c-f92fa86c19a3,70d20e73-bbd4-4170-a454-a204277fb940
b953ce2f-626c-4a08-8992-28b1be730717,478ffab3-0d38-4f87-983c-f92fa86c19a3,7178d4dd-f39e-44ec-acaa-a1ce983dc38f
48729a53-d382-4492-aa90-7d71a9bd984b,478ffab3-0d38-4f87-983c-f92fa86c19a3,c16e605b-7797-434c-bac9-661d01e1593e
77c05587-86b4-4d19-a098-45dfc48c749b,478ffab3-0d38-4f87-983c-f92fa86c19a3,6b822c95-3ae8-4f94-b144-de0bf4c52f7b
9995107c-a34e-476e-a99f-493af53deffa,478ffab3-0d38-4f87-983c-f92fa86c19a3,97241afc-e0c7-4028-b753-5fdde06a107f
3b076cff-ccdc-4056-9077-5b55e36f9811,478ffab3-0d38-4f87-983c-f92fa86c19a3,9e80c792-878b-4aa3-8881-d14c47efc700
f7be3aed-478e-4c0b-bfab-0ff2ba69164a,478ffab3-0d38-4f87-983c-f92fa86c19a3,58195a3f-dd2e-4dd3-b507-f1f2d5a86ea1
28e599ae-acf4-43b4-ab4a-a4c85a992838,478ffab3-0d38-4f87-983c-f92fa86c19a3,407925d4-d7a6-467b-9db2-99886b577cfe
18b0fe2c-c574-437c-a055-d5a737ea193e,478ffab3-0d38-4f87-983c-f92fa86c19a3,6c106309-e948-41a4-958c-afc521ad50f0
e13eca3c-7897-4a1e-81f6-afbc9d4108c3,478ffab3-0d38-4f87-983c-f92fa86c19a3,f254a036-479b-4cf4-ba30-4586fbfb0e91
f77dd230-c516-4ae3-a28e-10d53366361b,478ffab3-0d38-4f87-983c-f92fa86c19a3,329f379b-766f-410c-84e1-1d3f38448f5b
040a26db-e5d0-4a1f-9a09-5b1e0777d1a8,478ffab3-0d38-4f87-983c-f92fa86c19a3,0e4b63c1-93f5-498b-8ebe-96afc4764adb
b1fe751d-f679-4f2f-bc9c-0148a72a63d4,478ffab3-0d38-4f87-983c-f92fa86c19a3,6cdb591f-1dac-4bb5-859f-670bc99d4000
37bc00f3-057c-42a0-9b85-4d719304817e,478ffab3-0d38-4f87-983c-f92fa86c19a3,d1549a61-cc88-435e-8a9f-be9ca5504d0f
78e3a833-5fdf-4fe0-9082-464ae987a061,478ffab3-0d38-4f87-983c-f92fa86c19a3,1ac70d94-0e1b-4564-9736-3f2c7bbe0b72
e7e3e5cc-3bd3-43cd-960b-9e99ae701748,478ffab3-0d38-4f87-983c-f92fa86c19a3,758985be-ec2a-48c6-835b-3ed9296da09b
de324578-15bd-406b-9bc6-adbfc41677e9,478ffab3-0d38-4f87-983c-f92fa86c19a3,89659760-a206-4cb7-acd2-0ddead5e175c
2ddaab45-0f71-4752-a45e-8f7bfdd96f67,478ffab3-0d38-4f87-983c-f92fa86c19a3,965da298-7ae4-4c03-a633-1795bdb00674
6d3d26ee-b7c7-4bc3-a93c-2e730bed5cd5,478ffab3-0d38-4f87-983c-f92fa86c19a3,2992d77f-172c-408a-b6f2-302ccf7da642
1e3b7bb1-04f8-469f-b417-a4fa9ee29cdd,478ffab3-0d38-4f87-983c-f92fa86c19a3,384354d6-6291-48d9-82d0-0601f792428e
5bb7f2b4-4f91-435c-9f65-572b67c9a9a0,478ffab3-0d38-4f87-983c-f92fa86c19a3,7b11d49e-4771-4cd2-a163-3def98acdb2f
bebf21e8-e2a7-423f-a63f-1c79a14adc3b,478ffab3-0d38-4f87-983c-f92fa86c19a3,a2075506-d824-4074-a90d-d099da6271ca
4430f796-3380-4475-a38c-d54151ba6d0a,478ffab3-0d38-4f87-983c-f92fa86c19a3,1072799a-d1cb-436e-93c7-30d2152728a1
6cbb8bfb-b132-4f89-b965-19c7ae79cff7,c61112a2-f21d-4e97-acd2-c155368879b5,dc92eb00-b5e5-42f4-b794-fa3fcdc055a9
fad1ba9f-b1da-4ad7-ba15-06c9b2b8b61d,c61112a2-f21d-4e97-acd2-c155368879b5,945e0d27-9df2-4c10-a6ca-e5c97de4a32b
63cb1a92-e7b5-482a-a445-111c83b74393,c61112a2-f21d-4e97-acd2-c155368879b5,a2297bbd-1681-4fa0-8052-00d906b0fd77
fcc471f4-f997-41a9-940b-a6a46bad2228,c61112a2-f21d-4e97-acd2-c155368879b5,e43c86a3-b79e-4a54-bdd7-3fb56cdb0038
15a2edbe-833d-4af0-8fa3-9cc681917d09,c61112a2-f21d-4e97-acd2-c155368879b5,16601529-5a27-4099-91c3-5485743ff21d
4d9adb9f-dc56-4461-b83c-a5dac1ac211e,c61112a2-f21d-4e97-acd2-c155368879b5,a14717e4-3497-4246-a0cf-fb749111a028
d9a37285-261c-4a3e-9475-5f8eefd705e8,c61112a2-f21d-4e97-acd2-c155368879b5,3c0b8ec7-a9dc-4180-af5f-9d71058db0a7
d1c07a03-f7ce-4492-a301-a31f4e89240f,c61112a2-f21d-4e97-acd2-c155368879b5,3b7b1deb-dbe3-418d-9590-85c099f88ed3
72e39423-35d2-4fe7-a454-e2320c2bfbf8,c61112a2-f21d-4e97-acd2-c155368879b5,5b4ce8cf-c4cc-4b8f-b5df-e0f9c33489a3
27acd3e3-88dc-4141-9b0a-d63057a282c9,c61112a2-f21d-4e97-acd2-c155368879b5,7cf86c1a-6efc-4f32-b0e7-8ea09fa68168
b1e00022-8134-46ed-8bd7-1956976ab03c,c61112a2-f21d-4e97-acd2-c155368879b5,de04e5f7-2165-4329-a5ac-6b6c2625b59e
5ee742b7-0fa6-4096-9e5a-66cc6645c53d,c61112a2-f21d-4e97-acd2-c155368879b5,71aa204e-f6a9-4103-a627-f9a54a57bf60
d3436f6b-ad79-40d9-b2a4-df679e6bee82,c61112a2-f21d-4e97-acd2-c155368879b5,027e7a0d-b3a0-472d-b90e-8402e86e8461
6dda509c-75e0-45e5-abfa-5b19b65ceeb3,c61112a2-f21d-4e97-acd2-c155368879b5,75601d82-60fa-4f39-8cbd-61b4424e96d5
45270254-a50e-40f1-9111-05e0e5065ef0,c61112a2-f21d-4e97-acd2-c155368879b5,133b6151-1ee0-48a7-bc66-187dad263226
4a9bba99-383b-40c6-8567-7ea972a858a0,c61112a2-f21d-4e97-acd2-c155368879b5,b168ea19-9219-438b-9e52-64f2ea0fef27
67a30915-c0d8-41af-a072-24a18c094e2e,c61112a2-f21d-4e97-acd2-c155368879b5,28d15fe6-e356-4ddb-a6b4-e776c4c916c3
2a427fcc-965c-4b74-a8e1-a794a487160c,c61112a2-f21d-4e97-acd2-c155368879b5,1953a848-ca64-42e8-b62a-dbe34cea4491
b4e50f6f-58e4-4591-baf3-8d7c858c0728,c61112a2-f21d-4e97-acd2-c155368879b5,7479bdc8-5132-490c-9b60-643bab9bc36f
ef113c37-eada-4bb6-bb86-c1e60ee04320,c61112a2-f21d-4e97-acd2-c155368879b5,5b7264e4-b607-479f-8e5f-3d947c982f2e
16c01fe9-9f10-4417-ab50-901b9dc44179,c61112a2-f21d-4e97-acd2-c155368879b5,70d20e73-bbd4-4170-a454-a204277fb940
b41e3cb8-185f-4ab7-9b50-4a75c2863708,c61112a2-f21d-4e97-acd2-c155368879b5,7178d4dd-f39e-44ec-acaa-a1ce983dc38f
aa28f395-ecd6-4bcf-bc97-ed5504e4b085,c61112a2-f21d-4e97-acd2-c155368879b5,c16e605b-7797-434c-bac9-661d01e1593e
915bbc2b-7232-4624-a555-c79bc81d5e81,c61112a2-f21d-4e97-acd2-c155368879b5,6b822c95-3ae8-4f94-b144-de0bf4c52f7b
a130a41d-5139-4c05-9200-03ddec5e2bc1,c61112a2-f21d-4e97-acd2-c155368879b5,97241afc-e0c7-4028-b753-5fdde06a107f
ca3f57d0-9189-410f-b78a-95637a547716,c61112a2-f21d-4e97-acd2-c155368879b5,9e80c792-878b-4aa3-8881-d14c47efc700
d486b6d8-f023-439f-9d44-742ffdd5a76a,c61112a2-f21d-4e97-acd2-c155368879b5,58195a3f-dd2e-4dd3-b507-f1f2d5a86ea1
f8bfa997-889e-4b68-908c-ad1956ca2d12,c61112a2-f21d-4e97-acd2-c155368879b5,407925d4-d7a6-467b-9db2-99886b577cfe
c9a12c85-c2d5-448c-9c5b-e8a228cb2ef2,c61112a2-f21d-4e97-acd2-c155368879b5,6c106309-e948-41a4-958c-afc521ad50f0
2f88f4f3-65df-4571-82a3-6519c99b9103,c61112a2-f21d-4e97-acd2-c155368879b5,f254a036-479b-4cf4-ba30-4586fbfb0e91
0f20c443-673e-4929-88e4-53ebd54b7ecc,c61112a2-f21d-4e97-acd2-c155368879b5,329f379b-766f-410c-84e1-1d3f38448f5b
4b8ce565-c6b0-4b62-9034-bc86b9525c10,c61112a2-f21d-4e97-acd2-c155368879b5,0e4b63c1-93f5-498b-8ebe-96afc4764adb
1f06668e-6c1a-4973-9c47-fcca5847be6a,c61112a2-f21d-4e97-acd2-c155368879b5,6cdb591f-1dac-4bb5-859f-670bc99d4000
2a1a8fe5-dbfd-4d23-8b6a-8eb4c986927a,c61112a2-f21d-4e97-acd2-c155368879b5,d1549a61-cc88-435e-8a9f-be9ca5504d0f
aa25a9b5-8a0d-4eb4-a733-0a0ceb2bb3dd,c61112a2-f21d-4e97-acd2-c155368879b5,1ac70d94-0e1b-4564-9736-3f2c7bbe0b72
52505388-b074-497e-8d91-f051814a689d,c61112a2-f21d-4e97-acd2-c155368879b5,758985be-ec2a-48c6-835b-3ed9296da09b
4825e86b-060a-4097-af78-971a5189474b,c61112a2-f21d-4e97-acd2-c155368879b5,89659760-a206-4cb7-acd2-0ddead5e175c
9d83ced9-257e-490a-9299-7b41e2f0616f,c61112a2-f21d-4e97-acd2-c155368879b5,965da298-7ae4-4c03-a633-1795bdb00674
4cb576db-3066-4d89-8ff3-6211ee7416ba,c61112a2-f21d-4e97-acd2-c155368879b5,2992d77f-172c-408a-b6f2-302ccf7da642
06975ef9-ec56-4109-a267-a939010bc54c,c61112a2-f21d-4e97-acd2-c155368879b5,384354d6-6291-48d9-82d0-0601f792428e
9c6da35f-d45d-430a-9297-74c909e3a318,c61112a2-f21d-4e97-acd2-c155368879b5,7b11d49e-4771-4cd2-a163-3def98acdb2f
8b57b72e-342d-4f3f-b4a7-3e0479505cde,c61112a2-f21d-4e97-acd2-c155368879b5,a2075506-d824-4074-a90d-d099da6271ca
4d844a9a-c3e5-4e59-bdb4-1d1b23c6aed6,c61112a2-f21d-4e97-acd2-c155368879b5,1072799a-d1cb-436e-93c7-30d2152728a1